{
"type": "FeatureCollection",
"name": "northeast_candidate_catchments",
"crs": { "type": "name", "properties": { "name": "urn:ogc:def:crs:OGC:1.3:CRS84" } },
"features": [
{ "type": "Feature", "properties": { "station_id": "Golokganj RG Site", "station_name": "Golokganj RG Site", "State": "Assam", "District": "DHUBRI", "Latitude": 26.10876944, "Longitude": 89.83068333, "HYBAS_ID": 4121488670, "SUB_AREA": 150.4, "UP_AREA": 11077.0, "PFAF_ID": 452540303200, "source": "HydroBASINS v1c Asia level 12", "catchment_status": "candidate_point_matched" }, "geometry": { "type": "Polygon", "coordinates": [ [ [ 89.866666666666703, 26.079166666666701 ], [ 89.847789510091189, 26.079733954535627 ], [ 89.843877156575559, 26.082766045464446 ], [ 89.82621493869361, 26.083900621202293 ], [ 89.825, 26.079166666666701 ], [ 89.820833333333368, 26.079166666666687 ], [ 89.82026604546445, 26.076956176757847 ], [ 89.817233954535624, 26.073043823242223 ], [ 89.815958319770004, 26.063387383355071 ], [ 89.810289510091181, 26.06193271213111 ], [ 89.793877156575562, 26.046400621202292 ], [ 89.789456176757852, 26.045266045464444 ], [ 89.785543823242222, 26.042233954535625 ], [ 89.779166666666697, 26.041666666666703 ], [ 89.777006361219648, 26.042284308539532 ], [ 89.77299363878042, 26.045215691460537 ], [ 89.763167995876771, 26.046645779079896 ], [ 89.7625, 26.0625 ], [ 89.768877156575556, 26.063067287868943 ], [ 89.774394056532159, 26.067668321397591 ], [ 89.775567287868967, 26.096683417426235 ], [ 89.769913736979206, 26.1034623887804 ], [ 89.760289510091184, 26.104733954535611 ], [ 89.754822455512183, 26.109293280707483 ], [ 89.753599378797773, 26.123043823242206 ], [ 89.750567287868961, 26.126956176757833 ], [ 89.74943271213111, 26.134079996744813 ], [ 89.753599378797773, 26.139456176757832 ], [ 89.754733954535624, 26.143877156575542 ], [ 89.75776604546445, 26.147789510091165 ], [ 89.758900621202287, 26.150746663411478 ], [ 89.753770616319485, 26.157365587022589 ], [ 89.747789510091181, 26.158900621202278 ], [ 89.742634412977466, 26.162896050347243 ], [ 89.740815904405423, 26.169982571072069 ], [ 89.7375, 26.170833333333352 ], [ 89.738258531358539, 26.174053955078143 ], [ 89.743585205078162, 26.178637017144119 ], [ 89.749113633897608, 26.179939100477451 ], [ 89.750513712565137, 26.184434000651063 ], [ 89.742054918077287, 26.193740505642381 ], [ 89.745303683810803, 26.197751871744813 ], [ 89.746431816948814, 26.211415947808181 ], [ 89.751918538411488, 26.216137017144117 ], [ 89.7625, 26.216666666666686 ], [ 89.774009535047782, 26.21604749891495 ], [ 89.778599378797779, 26.210543823242208 ], [ 89.780134412977461, 26.204562717013911 ], [ 89.785289510091189, 26.200567287868942 ], [ 89.789710489908884, 26.199432712131099 ], [ 89.793622843424515, 26.196400621202276 ], [ 89.799149237738746, 26.194982571072067 ], [ 89.8, 26.191666666666688 ], [ 89.804166666666703, 26.191666666666688 ], [ 89.806377156575564, 26.191099378797762 ], [ 89.822789510091184, 26.175567287868944 ], [ 89.828458319770007, 26.174112616644987 ], [ 89.829870944552994, 26.163419596354188 ], [ 89.835289510091187, 26.158900621202278 ], [ 89.839710489908896, 26.157766045464431 ], [ 89.843622843424512, 26.154733954535612 ], [ 89.848043823242222, 26.153599378797765 ], [ 89.852083333333368, 26.150468614366339 ], [ 89.856122843424515, 26.153599378797765 ], [ 89.858333333333377, 26.154166666666686 ], [ 89.858952501085085, 26.142657131618943 ], [ 89.864456176757827, 26.138067287868942 ], [ 89.870195685492646, 26.136594306098111 ], [ 89.871466064453145, 26.117645602756095 ], [ 89.87695617675783, 26.113067287868944 ], [ 89.8875, 26.1125 ], [ 89.886845228407154, 26.105139668782588 ], [ 89.87721048990889, 26.096400621202292 ], [ 89.871541680230067, 26.094945949978335 ], [ 89.870266045464447, 26.085289510091179 ], [ 89.867233954535621, 26.081377156575556 ], [ 89.866666666666703, 26.079166666666701 ] ] ] } },
{ "type": "Feature", "properties": { "station_id": "Chapar PHC", "station_name": "Chapar PHC", "State": "Assam", "District": "DHUBRI", "Latitude": 26.26972222, "Longitude": 90.44444444, "HYBAS_ID": 4120885270, "SUB_AREA": 60.8, "UP_AREA": 1140.2, "PFAF_ID": 452550403100, "source": "HydroBASINS v1c Asia level 12", "catchment_status": "candidate_point_matched" }, "geometry": { "type": "Polygon", "coordinates": [ [ [ 90.416666666666686, 26.220833333333353 ], [ 90.405075920952711, 26.221456909179707 ], [ 90.404166666666697, 26.225 ], [ 90.4, 26.225 ], [ 90.4, 26.229166666666686 ], [ 90.400353325737868, 26.235757785373284 ], [ 90.403813340928849, 26.239242214626756 ], [ 90.404519992404545, 26.256591118706616 ], [ 90.412146674262175, 26.264242214626758 ], [ 90.412853325737871, 26.269091118706619 ], [ 90.416313340928838, 26.272575547960091 ], [ 90.417019992404533, 26.289213053385438 ], [ 90.41251458062068, 26.29375 ], [ 90.416652086046028, 26.297916666666687 ], [ 90.412853325737871, 26.301742214626756 ], [ 90.4125, 26.3125 ], [ 90.418877156575547, 26.311932712131096 ], [ 90.426956176757841, 26.30473395453561 ], [ 90.443877156575553, 26.303599378797763 ], [ 90.44778951009117, 26.300567287868944 ], [ 90.452210489908879, 26.299432712131097 ], [ 90.456122843424509, 26.296400621202277 ], [ 90.482118394639784, 26.29526604546443 ], [ 90.483333333333363, 26.3 ], [ 90.4875, 26.3 ], [ 90.48835093180341, 26.303315904405402 ], [ 90.49387715657555, 26.30473395453561 ], [ 90.501956176757844, 26.311932712131096 ], [ 90.516666666666694, 26.3125 ], [ 90.516049024793858, 26.306173027886306 ], [ 90.513117641872853, 26.302160305447071 ], [ 90.511882358127195, 26.297839694552973 ], [ 90.50895097520619, 26.293826972113735 ], [ 90.507715691460533, 26.28950636121964 ], [ 90.496450975206187, 26.277160305447069 ], [ 90.495039198133711, 26.267460801866342 ], [ 90.484304979112437, 26.26589830186634 ], [ 90.482715691460527, 26.260339694552972 ], [ 90.479784308539521, 26.256326972113737 ], [ 90.478240288628498, 26.250926378038216 ], [ 90.472839864095079, 26.24938252766929 ], [ 90.468826802571641, 26.246450805664082 ], [ 90.464506530761739, 26.245215861002624 ], [ 90.460493469238301, 26.242284138997416 ], [ 90.456173197428413, 26.241049194335957 ], [ 90.450469122992644, 26.236882527669291 ], [ 90.44669409857859, 26.238655938042555 ], [ 90.444465467664955, 26.246450805664082 ], [ 90.433678181966172, 26.244990709092903 ], [ 90.429784308539524, 26.239660305447067 ], [ 90.428305223253062, 26.229497612847243 ], [ 90.422993469238307, 26.22561747233075 ], [ 90.417593044704887, 26.224073621961825 ], [ 90.416666666666686, 26.220833333333353 ] ] ] } },
{ "type": "Feature", "properties": { "station_id": "Kokrajhar Circuit House", "station_name": "Kokrajhar Circuit House", "State": "Assam", "District": "KOKRAJHAR", "Latitude": 26.40048056, "Longitude": 90.25979444, "HYBAS_ID": 4120882040, "SUB_AREA": 120.5, "UP_AREA": 814.8, "PFAF_ID": 452550270000, "source": "HydroBASINS v1c Asia level 12", "catchment_status": "candidate_point_matched" }, "geometry": { "type": "Polygon", "coordinates": [ [ [ 90.2625, 26.458333333333357 ], [ 90.266666666666694, 26.458333333333357 ], [ 90.267386203342042, 26.450793457031274 ], [ 90.275941128200984, 26.449529012044295 ], [ 90.285327317979622, 26.457728407118079 ], [ 90.2875, 26.458333333333357 ], [ 90.286932712131104, 26.44778951009117 ], [ 90.283900621202278, 26.443877156575542 ], [ 90.282766045464427, 26.426956176757834 ], [ 90.279733954535615, 26.42304382324221 ], [ 90.278599378797765, 26.410289510091168 ], [ 90.274735344780836, 26.405303955078146 ], [ 90.283900621202278, 26.402951727973111 ], [ 90.282766045464427, 26.3811228434245 ], [ 90.279733954535615, 26.377210489908876 ], [ 90.278458150227891, 26.367554050021724 ], [ 90.272789510091172, 26.366099378797763 ], [ 90.268877156575542, 26.363067287868944 ], [ 90.264456176757832, 26.361932712131097 ], [ 90.256377156575539, 26.354733954535611 ], [ 90.25, 26.354166666666689 ], [ 90.247575547960096, 26.353813340928841 ], [ 90.239924452039958, 26.346186659071201 ], [ 90.235075547960093, 26.345480007595508 ], [ 90.225357733832496, 26.335788302951411 ], [ 90.225, 26.333333333333353 ], [ 90.225, 26.329166666666687 ], [ 90.224032253689259, 26.325396050347244 ], [ 90.218877156575545, 26.32140062120228 ], [ 90.214456176757835, 26.320266045464432 ], [ 90.205103895399333, 26.311932712131096 ], [ 90.201956176757832, 26.313067287868947 ], [ 90.19697045220272, 26.31693115234377 ], [ 90.194924079047325, 26.30895690917971 ], [ 90.183333333333351, 26.308333333333355 ], [ 90.183686659071199, 26.327424452039953 ], [ 90.19165344238283, 26.335416666666688 ], [ 90.183686659071199, 26.343408881293424 ], [ 90.182980007595503, 26.360757785373284 ], [ 90.175353325737873, 26.368408881293426 ], [ 90.174646674262178, 26.406591118706618 ], [ 90.171186659071211, 26.410075547960091 ], [ 90.170480007595515, 26.414213053385438 ], [ 90.174646674262178, 26.418408881293423 ], [ 90.175, 26.420833333333356 ], [ 90.182433742947069, 26.421494547526063 ], [ 90.184301079644115, 26.428770616319468 ], [ 90.18945617675783, 26.432766045464433 ], [ 90.191666666666691, 26.433333333333355 ], [ 90.202424452039949, 26.432980007595507 ], [ 90.205908881293425, 26.429519992404536 ], [ 90.214212883843345, 26.428813340928841 ], [ 90.218408881293428, 26.432980007595507 ], [ 90.223257785373292, 26.433686659071203 ], [ 90.226742214626753, 26.437146674262173 ], [ 90.235757785373295, 26.437853325737869 ], [ 90.239242214626756, 26.441313340928843 ], [ 90.244091118706621, 26.442019992404536 ], [ 90.253812493218334, 26.451715087890648 ], [ 90.254166666666691, 26.4625 ], [ 90.253561570909312, 26.464672851562522 ], [ 90.250605095757408, 26.468660481770854 ], [ 90.249394904242649, 26.477172851562521 ], [ 90.245228237575972, 26.482792833116342 ], [ 90.246663072374162, 26.490950520833355 ], [ 90.254166666666691, 26.491666666666688 ], [ 90.254519992404539, 26.485075547960093 ], [ 90.257980007595506, 26.481591118706621 ], [ 90.258333333333354, 26.4625 ], [ 90.259184265136739, 26.45918409559464 ], [ 90.2625, 26.458333333333357 ] ] ] } },
{ "type": "Feature", "properties": { "station_id": "Irrg. Divn Off. Bongaigaon", "station_name": "Irrg. Divn Off. Bongaigaon", "State": "Assam", "District": "BONGAIGAON", "Latitude": 26.48756667, "Longitude": 90.54334722, "HYBAS_ID": 4121485970, "SUB_AREA": 202.1, "UP_AREA": 1079.2, "PFAF_ID": 452550403200, "source": "HydroBASINS v1c Asia level 12", "catchment_status": "candidate_point_matched" }, "geometry": { "type": "Polygon", "coordinates": [ [ [ 90.4125, 26.3125 ], [ 90.411932712131104, 26.314710489908876 ], [ 90.404733954535615, 26.322789510091166 ], [ 90.403599378797765, 26.339710489908875 ], [ 90.400567287868952, 26.343622843424502 ], [ 90.399432712131102, 26.357118394639777 ], [ 90.407744344075553, 26.359251573350715 ], [ 90.40833333333336, 26.3875 ], [ 90.410757785373292, 26.387853325737868 ], [ 90.422575547960093, 26.399646674262176 ], [ 90.433333333333366, 26.4 ], [ 90.436649068196644, 26.400850762261307 ], [ 90.4375, 26.40416666666669 ], [ 90.441666666666691, 26.40416666666669 ], [ 90.453168911404106, 26.403489515516515 ], [ 90.454784308539516, 26.397839694552975 ], [ 90.457333713107658, 26.395215861002626 ], [ 90.459127468533012, 26.407539198133701 ], [ 90.469861687554285, 26.409101698133703 ], [ 90.471450975206196, 26.414660305447072 ], [ 90.474382358127201, 26.418673027886307 ], [ 90.475617641872859, 26.427160305447071 ], [ 90.479280598958354, 26.432174682617209 ], [ 90.486573621961838, 26.434259711371549 ], [ 90.488426378038227, 26.440740288628493 ], [ 90.493826802571647, 26.442284138997419 ], [ 90.497839864095084, 26.445215861002627 ], [ 90.502160135904973, 26.446450805664085 ], [ 90.510339864095073, 26.45354919433596 ], [ 90.514660135904975, 26.454784138997418 ], [ 90.524937608506974, 26.463900078667557 ], [ 90.521450975206193, 26.468673027886307 ], [ 90.520215691460535, 26.475469292534743 ], [ 90.524382358127198, 26.481173027886307 ], [ 90.525617641872856, 26.487969292534746 ], [ 90.521450975206193, 26.493673027886306 ], [ 90.520215691460535, 26.50490349663631 ], [ 90.528549024793861, 26.514506361219642 ], [ 90.529166666666697, 26.516666666666691 ], [ 90.536540222168, 26.516010877821202 ], [ 90.541099378797767, 26.510543823242209 ], [ 90.542233954535618, 26.493622843424504 ], [ 90.54526604546443, 26.489710489908877 ], [ 90.546684265136747, 26.484184095594642 ], [ 90.552210489908887, 26.482766045464434 ], [ 90.556122843424504, 26.479733954535611 ], [ 90.563067287868947, 26.477951727973114 ], [ 90.561878289116777, 26.455076429579016 ], [ 90.555017598470073, 26.453315904405404 ], [ 90.55359937879777, 26.44778951009117 ], [ 90.54526604546443, 26.43843722873266 ], [ 90.546400621202281, 26.414456176757835 ], [ 90.550567287868944, 26.409079996744815 ], [ 90.549432712131107, 26.401956176757835 ], [ 90.54526604546443, 26.396579996744812 ], [ 90.546400621202281, 26.38528951009117 ], [ 90.550567287868944, 26.379913330078146 ], [ 90.549399142795167, 26.346839057074675 ], [ 90.543877156575547, 26.342233954535612 ], [ 90.538208516438829, 26.340779283311655 ], [ 90.536932712131104, 26.331122843424502 ], [ 90.533900621202278, 26.327210489908875 ], [ 90.53333333333336, 26.325 ], [ 90.522575547960102, 26.324646674262173 ], [ 90.517021518283443, 26.319120279947938 ], [ 90.516666666666694, 26.3125 ], [ 90.501956176757844, 26.311932712131096 ], [ 90.49387715657555, 26.30473395453561 ], [ 90.48835093180341, 26.303315904405402 ], [ 90.4875, 26.3 ], [ 90.483333333333363, 26.3 ], [ 90.482118394639784, 26.29526604546443 ], [ 90.456122843424509, 26.296400621202277 ], [ 90.452210489908879, 26.299432712131097 ], [ 90.44778951009117, 26.300567287868944 ], [ 90.443877156575553, 26.303599378797763 ], [ 90.426956176757841, 26.30473395453561 ], [ 90.418877156575547, 26.311932712131096 ], [ 90.4125, 26.3125 ] ] ] } },
{ "type": "Feature", "properties": { "station_id": "Dotma R/G Site", "station_name": "Dotma R/G Site", "State": "Assam", "District": "KOKRAJHAR", "Latitude": 26.465625, "Longitude": 90.14675556, "HYBAS_ID": 4120877970, "SUB_AREA": 166.1, "UP_AREA": 334.5, "PFAF_ID": 452550247100, "source": "HydroBASINS v1c Asia level 12", "catchment_status": "candidate_point_matched" }, "geometry": { "type": "Polygon", "coordinates": [ [ [ 90.195833333333354, 26.679166666666692 ], [ 90.199291483561225, 26.680054050021724 ], [ 90.20056728786895, 26.68971048990888 ], [ 90.203599378797762, 26.693622843424503 ], [ 90.204733954535612, 26.714710489908878 ], [ 90.207766045464439, 26.718622843424505 ], [ 90.208333333333357, 26.729166666666693 ], [ 90.2157670762804, 26.728505452473982 ], [ 90.217233954535615, 26.722789510091172 ], [ 90.220266045464427, 26.718877156575545 ], [ 90.221400621202278, 26.710289510091169 ], [ 90.224432712131104, 26.706377156575545 ], [ 90.225567287868941, 26.701956176757836 ], [ 90.228599378797767, 26.698043823242212 ], [ 90.229166666666686, 26.695833333333358 ], [ 90.225850931803407, 26.694982571072075 ], [ 90.224432712131104, 26.689456176757837 ], [ 90.221400621202278, 26.685543823242213 ], [ 90.220266045464427, 26.681122843424504 ], [ 90.217233954535615, 26.67721048990888 ], [ 90.216099378797765, 26.660289510091168 ], [ 90.204733954535612, 26.648043823242212 ], [ 90.203599378797762, 26.639456176757836 ], [ 90.20056728786895, 26.635543823242212 ], [ 90.199432712131099, 26.626956176757837 ], [ 90.196400621202287, 26.623043823242213 ], [ 90.195266045464436, 26.6200866699219 ], [ 90.199432712131099, 26.614710489908877 ], [ 90.20056728786895, 26.610289510091171 ], [ 90.203599378797762, 26.606377156575544 ], [ 90.204733954535612, 26.569845241970508 ], [ 90.192126464843767, 26.556261528862869 ], [ 90.195266045464436, 26.552210489908877 ], [ 90.196400621202287, 26.549062771267383 ], [ 90.188067287868947, 26.539710489908877 ], [ 90.186932712131096, 26.532586669921898 ], [ 90.191099378797773, 26.527210489908878 ], [ 90.19223395453561, 26.486753336588563 ], [ 90.188067287868947, 26.481377156575544 ], [ 90.186932712131096, 26.478420003255231 ], [ 90.191099378797773, 26.473043823242211 ], [ 90.19223395453561, 26.461753336588565 ], [ 90.188067287868947, 26.456377156575542 ], [ 90.186932712131096, 26.453420003255232 ], [ 90.191197882758274, 26.447916666666689 ], [ 90.188067287868947, 26.443877156575542 ], [ 90.1875, 26.4375 ], [ 90.185289510091167, 26.4369327121311 ], [ 90.18137715657555, 26.43390062120228 ], [ 90.176214938693604, 26.432766045464433 ], [ 90.174103630913649, 26.440992906358531 ], [ 90.161753336588561, 26.442233954535613 ], [ 90.156377156575545, 26.438067287868947 ], [ 90.149062771267381, 26.4369327121311 ], [ 90.139710489908879, 26.445266045464432 ], [ 90.134184265136739, 26.446684095594641 ], [ 90.133333333333354, 26.45 ], [ 90.129166666666691, 26.45 ], [ 90.128315734863307, 26.453315904405404 ], [ 90.125, 26.454166666666691 ], [ 90.124382358127193, 26.460493638780406 ], [ 90.113117641872847, 26.472839694552974 ], [ 90.11188235812719, 26.475469292534743 ], [ 90.116049024793853, 26.481173027886307 ], [ 90.117284308539524, 26.50216030544707 ], [ 90.124382358127193, 26.510339694552975 ], [ 90.12561764187285, 26.522993638780406 ], [ 90.128549024793855, 26.527006361219641 ], [ 90.129784308539513, 26.531326972113739 ], [ 90.133447265625023, 26.536341349283877 ], [ 90.140974595811656, 26.538493516710091 ], [ 90.142284308539516, 26.556326972113737 ], [ 90.145215691460521, 26.560339694552976 ], [ 90.146450975206193, 26.56466030544707 ], [ 90.149382358127198, 26.568673027886309 ], [ 90.1506769816081, 26.590669080946203 ], [ 90.157662624783015, 26.592666286892385 ], [ 90.158950975206182, 26.617135959201413 ], [ 90.154784308539519, 26.622839694552976 ], [ 90.153549024793861, 26.629635959201412 ], [ 90.157715691460524, 26.635339694552975 ], [ 90.158950975206182, 26.64382697211374 ], [ 90.166049024793864, 26.652006361219641 ], [ 90.167284308539521, 26.664660305447072 ], [ 90.170215691460527, 26.66867302788631 ], [ 90.171450975206184, 26.67130262586808 ], [ 90.167284308539521, 26.677006361219643 ], [ 90.165740288628498, 26.682406955295164 ], [ 90.160339864095079, 26.683950805664086 ], [ 90.156326802571641, 26.686882527669294 ], [ 90.146586947970945, 26.688299899631101 ], [ 90.145215691460521, 26.700469292534748 ], [ 90.150074598524327, 26.707120768229192 ], [ 90.142593044704881, 26.709259711371551 ], [ 90.141049024793858, 26.714660305447072 ], [ 90.138117641872853, 26.718673027886311 ], [ 90.1375, 26.72083333333336 ], [ 90.143801710340739, 26.720190429687523 ], [ 90.152031622992638, 26.71314290364586 ], [ 90.158122083875895, 26.711309136284747 ], [ 90.170190599229628, 26.697968207465301 ], [ 90.171797519260011, 26.692631022135441 ], [ 90.178421698676232, 26.690636528862871 ], [ 90.180042182074672, 26.674749755859398 ], [ 90.185364956325984, 26.678523763020856 ], [ 90.195833333333354, 26.679166666666692 ] ] ] } },
{ "type": "Feature", "properties": { "station_id": "Bengtal State Dispensary", "station_name": "Bengtal State Dispensary", "State": "Assam", "District": "Chirang", "Latitude": 26.63305556, "Longitude": 90.47638889, "HYBAS_ID": 4120879430, "SUB_AREA": 108.3, "UP_AREA": 108.3, "PFAF_ID": 452550404000, "source": "HydroBASINS v1c Asia level 12", "catchment_status": "candidate_point_matched" }, "geometry": { "type": "Polygon", "coordinates": [ [ [ 90.441666666666691, 26.40416666666669 ], [ 90.4375, 26.40416666666669 ], [ 90.4375, 26.408333333333356 ], [ 90.440815734863307, 26.40918409559464 ], [ 90.44223395453561, 26.414710489908877 ], [ 90.454733954535612, 26.428178575303843 ], [ 90.453599378797776, 26.43554382324221 ], [ 90.450468783908448, 26.439583333333356 ], [ 90.453599378797776, 26.443622843424503 ], [ 90.454733954535612, 26.448043823242209 ], [ 90.458900621202289, 26.453420003255232 ], [ 90.457766045464439, 26.468877156575545 ], [ 90.453599378797776, 26.474253336588564 ], [ 90.454733954535612, 26.481377156575544 ], [ 90.457766045464439, 26.485289510091167 ], [ 90.459184265136741, 26.490815904405405 ], [ 90.466005452473979, 26.492566257052975 ], [ 90.467233954535615, 26.506377156575542 ], [ 90.471097988552543, 26.511362711588564 ], [ 90.462235344780836, 26.513637288411481 ], [ 90.466099378797765, 26.518622843424502 ], [ 90.467233954535615, 26.556377156575543 ], [ 90.470266045464442, 26.56028951009117 ], [ 90.471400621202278, 26.564710489908876 ], [ 90.475567287868955, 26.570086669921899 ], [ 90.474432712131104, 26.577210489908879 ], [ 90.471400621202278, 26.581122843424502 ], [ 90.470266045464442, 26.589710489908878 ], [ 90.467233954535615, 26.593622843424502 ], [ 90.466099378797765, 26.598043823242211 ], [ 90.461932712131102, 26.603420003255231 ], [ 90.463067287868952, 26.606377156575544 ], [ 90.466099378797765, 26.610289510091171 ], [ 90.467233954535615, 26.623043823242213 ], [ 90.470266045464442, 26.626956176757837 ], [ 90.471801079644123, 26.632937282986134 ], [ 90.476956176757838, 26.636932712131099 ], [ 90.479166666666686, 26.6375 ], [ 90.482482401529978, 26.636649237738737 ], [ 90.483333333333363, 26.633333333333358 ], [ 90.483333333333363, 26.620833333333358 ], [ 90.48679148356122, 26.619945949978323 ], [ 90.488067287868944, 26.610289510091171 ], [ 90.49109937879777, 26.606377156575544 ], [ 90.492233954535621, 26.585289510091169 ], [ 90.520266045464439, 26.556377156575543 ], [ 90.520833333333357, 26.554166666666688 ], [ 90.520833333333357, 26.55 ], [ 90.521186659071205, 26.535075547960091 ], [ 90.524646674262186, 26.531591118706622 ], [ 90.525353325737868, 26.522575547960091 ], [ 90.528813340928849, 26.519091118706619 ], [ 90.529166666666697, 26.516666666666691 ], [ 90.528549024793861, 26.514506361219642 ], [ 90.520215691460535, 26.50490349663631 ], [ 90.521450975206193, 26.493673027886306 ], [ 90.525617641872856, 26.487969292534746 ], [ 90.524382358127198, 26.481173027886307 ], [ 90.520215691460535, 26.475469292534743 ], [ 90.521450975206193, 26.468673027886307 ], [ 90.524937608506974, 26.463900078667557 ], [ 90.514660135904975, 26.454784138997418 ], [ 90.510339864095073, 26.45354919433596 ], [ 90.502160135904973, 26.446450805664085 ], [ 90.497839864095084, 26.445215861002627 ], [ 90.493826802571647, 26.442284138997419 ], [ 90.488426378038227, 26.440740288628493 ], [ 90.486573621961838, 26.434259711371549 ], [ 90.479280598958354, 26.432174682617209 ], [ 90.475617641872859, 26.427160305447071 ], [ 90.474382358127201, 26.418673027886307 ], [ 90.471450975206196, 26.414660305447072 ], [ 90.469861687554285, 26.409101698133703 ], [ 90.459127468533012, 26.407539198133701 ], [ 90.457333713107658, 26.395215861002626 ], [ 90.454784308539516, 26.397839694552975 ], [ 90.453168911404106, 26.403489515516515 ], [ 90.441666666666691, 26.40416666666669 ] ] ] } },
{ "type": "Feature", "properties": { "station_id": "Birjhara Tea Garden", "station_name": "Birjhara Tea Garden", "State": "Assam", "District": "BONGAIGAON", "Latitude": 26.46794722, "Longitude": 90.58263056, "HYBAS_ID": 4120884550, "SUB_AREA": 244.9, "UP_AREA": 244.9, "PFAF_ID": 452550620300, "source": "HydroBASINS v1c Asia level 12", "catchment_status": "candidate_point_matched" }, "geometry": { "type": "Polygon", "coordinates": [ [ [ 90.525, 26.554166666666688 ], [ 90.527424452039952, 26.553813340928844 ], [ 90.530908881293428, 26.55035332573787 ], [ 90.53333333333336, 26.55 ], [ 90.540693664550801, 26.549345228407141 ], [ 90.549432712131107, 26.539710489908877 ], [ 90.55085093180341, 26.53418409559464 ], [ 90.557482401529981, 26.532482571072073 ], [ 90.559301079644129, 26.525396050347247 ], [ 90.564456176757844, 26.521400621202279 ], [ 90.566666666666691, 26.520833333333357 ], [ 90.574197387695335, 26.520098198784744 ], [ 90.575768195258277, 26.509305148654537 ], [ 90.581326802571638, 26.507715861002627 ], [ 90.589506530761739, 26.500617472330752 ], [ 90.595065138075114, 26.499028184678842 ], [ 90.596450975206196, 26.48950636121964 ], [ 90.599382358127201, 26.485493638780405 ], [ 90.601158820258277, 26.479280598958354 ], [ 90.606173197428419, 26.475617472330754 ], [ 90.616335550944044, 26.474138387044292 ], [ 90.62021569146053, 26.468826972113739 ], [ 90.622045898437534, 26.462425401475716 ], [ 90.627006530761747, 26.466049194335959 ], [ 90.633333333333354, 26.46666666666669 ], [ 90.633900621202287, 26.464456176757835 ], [ 90.636932712131099, 26.460543823242212 ], [ 90.63806728786895, 26.451956176757836 ], [ 90.642233954535612, 26.446579996744813 ], [ 90.641099378797776, 26.422789510091167 ], [ 90.636932712131099, 26.417413330078148 ], [ 90.63806728786895, 26.401956176757835 ], [ 90.645266045464439, 26.393877156575542 ], [ 90.646400621202289, 26.3811228434245 ], [ 90.649432712131102, 26.377210489908876 ], [ 90.650567287868952, 26.360289510091167 ], [ 90.654733954535615, 26.354913330078148 ], [ 90.65311228434247, 26.350686306423633 ], [ 90.642586093478755, 26.349295722113737 ], [ 90.63806728786895, 26.343877156575541 ], [ 90.636932712131099, 26.326956176757832 ], [ 90.633068678114171, 26.321970621744814 ], [ 90.642032538519999, 26.31967027452259 ], [ 90.633795166015659, 26.310425482855923 ], [ 90.636932712131099, 26.306377156575543 ], [ 90.63806728786895, 26.297789510091167 ], [ 90.642233954535612, 26.292413330078148 ], [ 90.641099378797776, 26.289456176757835 ], [ 90.636932712131099, 26.284079996744811 ], [ 90.63806728786895, 26.272789510091165 ], [ 90.641099378797776, 26.268877156575542 ], [ 90.642517598470079, 26.263350762261304 ], [ 90.650567287868952, 26.261285061306445 ], [ 90.649303181966175, 26.250890435112868 ], [ 90.645833333333357, 26.25 ], [ 90.625780063205326, 26.249314371744813 ], [ 90.625, 26.241666666666688 ], [ 90.618622843424504, 26.24223395453561 ], [ 90.612513224283887, 26.247329033745679 ], [ 90.61609937879777, 26.251956176757833 ], [ 90.617233954535621, 26.257118394639779 ], [ 90.610289510091178, 26.25890062120228 ], [ 90.598043823242222, 26.270266045464432 ], [ 90.592881605360276, 26.271400621202279 ], [ 90.590529547797331, 26.262235514322938 ], [ 90.585543823242219, 26.266099378797765 ], [ 90.5625, 26.266666666666687 ], [ 90.562853325737876, 26.277424452039952 ], [ 90.566652086046034, 26.28125 ], [ 90.562853325737876, 26.285075547960091 ], [ 90.562146674262181, 26.294091118706618 ], [ 90.558686659071213, 26.29757554796009 ], [ 90.557980007595518, 26.310757785373283 ], [ 90.5482860989041, 26.320477973090298 ], [ 90.539242214626768, 26.321186659071202 ], [ 90.535757785373292, 26.324646674262173 ], [ 90.53333333333336, 26.325 ], [ 90.533900621202278, 26.327210489908875 ], [ 90.536932712131104, 26.331122843424502 ], [ 90.538208516438829, 26.340779283311655 ], [ 90.543877156575547, 26.342233954535612 ], [ 90.549399142795167, 26.346839057074675 ], [ 90.550567287868944, 26.379913330078146 ], [ 90.546400621202281, 26.38528951009117 ], [ 90.54526604546443, 26.396579996744812 ], [ 90.549432712131107, 26.401956176757835 ], [ 90.550567287868944, 26.409079996744815 ], [ 90.546400621202281, 26.414456176757835 ], [ 90.54526604546443, 26.43843722873266 ], [ 90.55359937879777, 26.44778951009117 ], [ 90.555017598470073, 26.453315904405404 ], [ 90.561878289116777, 26.455076429579016 ], [ 90.563067287868947, 26.477951727973114 ], [ 90.556122843424504, 26.479733954535611 ], [ 90.552210489908887, 26.482766045464434 ], [ 90.546684265136747, 26.484184095594642 ], [ 90.54526604546443, 26.489710489908877 ], [ 90.542233954535618, 26.493622843424504 ], [ 90.541099378797767, 26.510543823242209 ], [ 90.536540222168, 26.516010877821202 ], [ 90.529166666666697, 26.516666666666691 ], [ 90.528813340928849, 26.519091118706619 ], [ 90.525353325737868, 26.522575547960091 ], [ 90.524646674262186, 26.531591118706622 ], [ 90.521186659071205, 26.535075547960091 ], [ 90.520833333333357, 26.55 ], [ 90.520833333333357, 26.554166666666688 ], [ 90.525, 26.554166666666688 ] ] ] } },
{ "type": "Feature", "properties": { "station_id": "Basugaon ENDQ", "station_name": "Basugaon ENDQ", "State": "Assam", "District": "Chirang", "Latitude": 26.45944444, "Longitude": 90.42083333, "HYBAS_ID": 4120879410, "SUB_AREA": 154.4, "UP_AREA": 633.2, "PFAF_ID": 452550407100, "source": "HydroBASINS v1c Asia level 12", "catchment_status": "candidate_point_matched" }, "geometry": { "type": "Polygon", "coordinates": [ [ [ 90.40833333333336, 26.3875 ], [ 90.407672119140656, 26.394933742947071 ], [ 90.401956176757835, 26.396400621202279 ], [ 90.393877156575542, 26.403599378797765 ], [ 90.38528951009117, 26.404733954535612 ], [ 90.373043823242213, 26.416099378797764 ], [ 90.366666666666688, 26.416666666666689 ], [ 90.367019992404536, 26.44409111870662 ], [ 90.370480007595518, 26.447575547960092 ], [ 90.371186659071199, 26.455882432725716 ], [ 90.362853325737873, 26.464242214626758 ], [ 90.362146674262178, 26.472546386718772 ], [ 90.366313340928841, 26.476742214626761 ], [ 90.367019992404536, 26.489213053385441 ], [ 90.362853325737873, 26.493408881293426 ], [ 90.362146674262178, 26.497546386718774 ], [ 90.366313340928841, 26.501742214626759 ], [ 90.367019992404536, 26.505879720052107 ], [ 90.362853325737873, 26.510075547960092 ], [ 90.3625, 26.516666666666691 ], [ 90.362146674262178, 26.519091118706619 ], [ 90.358686659071211, 26.522575547960091 ], [ 90.358333333333363, 26.52916666666669 ], [ 90.357980007595515, 26.531591118706622 ], [ 90.354519992404533, 26.535075547960091 ], [ 90.353813340928838, 26.539215766059051 ], [ 90.362146674262178, 26.547575547960093 ], [ 90.3625, 26.55 ], [ 90.366666666666688, 26.55 ], [ 90.367233954535621, 26.552210489908877 ], [ 90.374432712131096, 26.56028951009117 ], [ 90.375567287868947, 26.577210489908879 ], [ 90.382766045464436, 26.585289510091169 ], [ 90.383900621202287, 26.589710489908878 ], [ 90.386932712131099, 26.593622843424502 ], [ 90.38806728786895, 26.598043823242211 ], [ 90.391099378797762, 26.601956176757838 ], [ 90.392233954535612, 26.61054382324221 ], [ 90.403599378797765, 26.62278951009117 ], [ 90.404733954535615, 26.625746663411483 ], [ 90.400468783908451, 26.63125 ], [ 90.403599378797765, 26.63528951009117 ], [ 90.404875183105489, 26.644945949978322 ], [ 90.411838785807319, 26.646732923719643 ], [ 90.4125, 26.65416666666669 ], [ 90.414710489908884, 26.653599378797768 ], [ 90.418622843424501, 26.650567287868949 ], [ 90.428279283311653, 26.649291653103322 ], [ 90.429733954535621, 26.643622843424502 ], [ 90.432766045464433, 26.639710489908879 ], [ 90.433900621202284, 26.631122843424503 ], [ 90.436932712131096, 26.62721048990888 ], [ 90.438067287868947, 26.614456176757837 ], [ 90.44223395453561, 26.609079996744814 ], [ 90.441099378797773, 26.597789510091168 ], [ 90.438067287868947, 26.593877156575545 ], [ 90.436932712131096, 26.568622843424503 ], [ 90.432766045464433, 26.563246663411483 ], [ 90.433900621202284, 26.556122843424504 ], [ 90.438067287868947, 26.550746663411481 ], [ 90.436932712131096, 26.547789510091171 ], [ 90.433900621202284, 26.543877156575544 ], [ 90.432766045464433, 26.539456176757835 ], [ 90.429733954535621, 26.535543823242211 ], [ 90.42859937879777, 26.526956176757835 ], [ 90.425567287868944, 26.523043823242212 ], [ 90.424432712131107, 26.518622843424502 ], [ 90.421400621202281, 26.514710489908879 ], [ 90.42026604546443, 26.472789510091168 ], [ 90.417135450575117, 26.46875 ], [ 90.42026604546443, 26.464710489908878 ], [ 90.421400621202281, 26.460289510091169 ], [ 90.424432712131107, 26.456377156575542 ], [ 90.425567287868944, 26.44778951009117 ], [ 90.42859937879777, 26.443877156575542 ], [ 90.429733954535621, 26.439456176757837 ], [ 90.433900621202284, 26.434079996744813 ], [ 90.432705518934483, 26.413408067491343 ], [ 90.429166666666688, 26.4125 ], [ 90.430017598470073, 26.40918409559464 ], [ 90.433333333333366, 26.408333333333356 ], [ 90.433333333333366, 26.4 ], [ 90.422575547960093, 26.399646674262176 ], [ 90.410757785373292, 26.387853325737868 ], [ 90.40833333333336, 26.3875 ] ] ] } },
{ "type": "Feature", "properties": { "station_id": "Balbala GP Office Campus", "station_name": "Balbala GP Office Campus", "State": "Assam", "District": "GOALPARA", "Latitude": 26.06944444, "Longitude": 90.59777778, "HYBAS_ID": 4120890400, "SUB_AREA": 130.2, "UP_AREA": 600.2, "PFAF_ID": 452550822100, "source": "HydroBASINS v1c Asia level 12", "catchment_status": "candidate_point_matched" }, "geometry": { "type": "Polygon", "coordinates": [ [ [ 90.583333333333357, 26.025 ], [ 90.579166666666694, 26.025 ], [ 90.57831573486331, 26.0283159044054 ], [ 90.575, 26.029166666666686 ], [ 90.572575547960099, 26.029519992404534 ], [ 90.569091118706623, 26.032980007595505 ], [ 90.564242214626759, 26.033686659071201 ], [ 90.556591118706621, 26.041313340928838 ], [ 90.554166666666688, 26.041666666666686 ], [ 90.554519992404536, 26.048257785373284 ], [ 90.560043165418861, 26.05380859375002 ], [ 90.564924452039961, 26.054519992404533 ], [ 90.574644300672773, 26.064213731553838 ], [ 90.575353325737879, 26.072550116644983 ], [ 90.558686659071213, 26.089242214626754 ], [ 90.557980007595518, 26.101713053385435 ], [ 90.562146674262181, 26.105908881293423 ], [ 90.562853325737876, 26.118381076388907 ], [ 90.556621127658445, 26.124644300672763 ], [ 90.547575547960093, 26.125353325737866 ], [ 90.542024739583354, 26.130876329210089 ], [ 90.5416666666667, 26.133333333333354 ], [ 90.5416666666667, 26.15 ], [ 90.543826802571644, 26.150617472330751 ], [ 90.547839864095081, 26.153549194335959 ], [ 90.55216013590497, 26.154784138997417 ], [ 90.55759785970055, 26.159133232964429 ], [ 90.559057447645429, 26.174085150824673 ], [ 90.565667046440993, 26.17561747233075 ], [ 90.567284308539527, 26.164506361219637 ], [ 90.575833977593348, 26.154867214626755 ], [ 90.594465467664961, 26.153549194335959 ], [ 90.59583333333336, 26.158333333333353 ], [ 90.599149068196638, 26.15748257107207 ], [ 90.600967746310786, 26.150396050347243 ], [ 90.606122843424501, 26.146400621202275 ], [ 90.628257412380663, 26.145209757486999 ], [ 90.630054050021727, 26.138208346896722 ], [ 90.640779283311659, 26.13679165310332 ], [ 90.642575920952723, 26.129790242513039 ], [ 90.654166666666697, 26.129166666666688 ], [ 90.653431532118077, 26.12163594563804 ], [ 90.641049024793858, 26.11983371310766 ], [ 90.642634412977458, 26.112996758355056 ], [ 90.660339864095079, 26.096450805664084 ], [ 90.6625, 26.095833333333353 ], [ 90.6625, 26.091666666666686 ], [ 90.6625, 26.0875 ], [ 90.660377671983539, 26.086844550238734 ], [ 90.652122328016517, 26.07982211642797 ], [ 90.647877671983537, 26.078511216905401 ], [ 90.642614915635875, 26.074835205078145 ], [ 90.641011216905412, 26.064544338650194 ], [ 90.638155449761314, 26.060455661349845 ], [ 90.636844550238749, 26.058087497287346 ], [ 90.641011216905412, 26.052122328016512 ], [ 90.642425367567299, 26.03855217827693 ], [ 90.649286566840303, 26.03643358018665 ], [ 90.650655449761317, 26.013366699218768 ], [ 90.631211005316871, 26.011844550238735 ], [ 90.622955661349849, 26.00482211642797 ], [ 90.614544338650205, 26.003511216905402 ], [ 90.610455661349846, 26.000655449761304 ], [ 90.6041666666667, 26.0 ], [ 90.604519992404533, 26.00242445203995 ], [ 90.607980007595515, 26.005908881293422 ], [ 90.608686659071211, 26.022547743055576 ], [ 90.60245683458119, 26.028808593750018 ], [ 90.597575547960091, 26.029519992404534 ], [ 90.59375, 26.033318752712692 ], [ 90.589924452039952, 26.029519992404534 ], [ 90.583333333333357, 26.029166666666686 ], [ 90.583333333333357, 26.025 ] ] ] } },
{ "type": "Feature", "properties": { "station_id": "Srijongram", "station_name": "Srijongram", "State": "Assam", "District": "BONGAIGAON", "Latitude": 26.38948889, "Longitude": 90.72836389, "HYBAS_ID": 4120882050, "SUB_AREA": 47.4, "UP_AREA": 2755.2, "PFAF_ID": 452550650000, "source": "HydroBASINS v1c Asia level 12", "catchment_status": "candidate_point_matched" }, "geometry": { "type": "Polygon", "coordinates": [ [ [ 90.7, 26.333333333333353 ], [ 90.69778951009117, 26.333900621202279 ], [ 90.689710489908876, 26.341099378797765 ], [ 90.68397098117407, 26.342572360568596 ], [ 90.682766045464433, 26.36054382324221 ], [ 90.67963545057512, 26.364583333333357 ], [ 90.682766045464433, 26.3686228434245 ], [ 90.683900621202284, 26.381377156575542 ], [ 90.687895880805144, 26.386532253689257 ], [ 90.69498240152997, 26.388350762261307 ], [ 90.695833333333354, 26.391666666666687 ], [ 90.702172682020432, 26.391061740451413 ], [ 90.71155887179907, 26.382862345377625 ], [ 90.720056491427982, 26.38411831325957 ], [ 90.721586778428843, 26.394882880316864 ], [ 90.728463406033015, 26.396797688802106 ], [ 90.7291666666667, 26.40416666666669 ], [ 90.733333333333363, 26.40416666666669 ], [ 90.7375, 26.40416666666669 ], [ 90.737853325737873, 26.401742214626758 ], [ 90.741313340928841, 26.398257785373286 ], [ 90.742019992404536, 26.393408881293425 ], [ 90.745480007595518, 26.389924452039953 ], [ 90.746186659071213, 26.385075547960092 ], [ 90.749646674262181, 26.38159111870662 ], [ 90.750353325737876, 26.376742214626759 ], [ 90.753813340928843, 26.373257785373287 ], [ 90.754166666666691, 26.366666666666688 ], [ 90.754733954535624, 26.351956176757835 ], [ 90.757766045464436, 26.348043823242207 ], [ 90.758900621202287, 26.343622843424502 ], [ 90.761932712131099, 26.339710489908875 ], [ 90.76306728786895, 26.335289510091169 ], [ 90.766931321885878, 26.330303955078147 ], [ 90.7625, 26.329166666666687 ], [ 90.758333333333354, 26.329166666666687 ], [ 90.756122843424507, 26.328599378797765 ], [ 90.752210489908876, 26.325567287868946 ], [ 90.747789510091167, 26.324432712131099 ], [ 90.74375, 26.321301947699673 ], [ 90.739710489908887, 26.324432712131099 ], [ 90.735289510091178, 26.325567287868946 ], [ 90.731377156575547, 26.328599378797765 ], [ 90.726956176757838, 26.329733954535612 ], [ 90.723043823242222, 26.332766045464432 ], [ 90.714456176757835, 26.333900621202279 ], [ 90.710543823242219, 26.336932712131098 ], [ 90.70121493869361, 26.338067287868945 ], [ 90.7, 26.333333333333353 ] ] ] } },
{ "type": "Feature", "properties": { "station_id": "Barpeta  E & D Office", "station_name": "Barpeta  E & D Office", "State": "Assam", "District": "BARPETA", "Latitude": 26.32472222, "Longitude": 91.00055556, "HYBAS_ID": 4120883850, "SUB_AREA": 146.5, "UP_AREA": 29247.4, "PFAF_ID": 452563000110, "source": "HydroBASINS v1c Asia level 12", "catchment_status": "candidate_point_matched" }, "geometry": { "type": "Polygon", "coordinates": [ [ [ 90.90833333333336, 26.366666666666688 ], [ 90.910493638780409, 26.366049194335957 ], [ 90.915718248155414, 26.362232462565125 ], [ 90.917284138997431, 26.372993638780404 ], [ 90.924382527669295, 26.381173027886305 ], [ 90.925926378038227, 26.386573621961826 ], [ 90.931326972113752, 26.388117472330752 ], [ 90.935416666666697, 26.39110514322919 ], [ 90.939506361219642, 26.388117472330752 ], [ 90.94382697211374, 26.386882527669293 ], [ 90.952006361219645, 26.379784138997419 ], [ 90.95740695529517, 26.378240288628493 ], [ 90.959701199001771, 26.370215861002627 ], [ 90.972993638780409, 26.371450805664082 ], [ 90.989506361219654, 26.386882527669293 ], [ 90.991666666666703, 26.3875 ], [ 90.995437282986146, 26.386532253689257 ], [ 91.000264485677107, 26.380303955078148 ], [ 90.99109937879777, 26.377951727973112 ], [ 90.992233954535621, 26.3686228434245 ], [ 90.995266045464433, 26.364710489908877 ], [ 90.996400621202284, 26.360289510091167 ], [ 90.999531385633716, 26.35625 ], [ 90.996295166015656, 26.352074517144118 ], [ 91.004733954535624, 26.342603895399328 ], [ 91.003599378797773, 26.326956176757832 ], [ 91.000567287868961, 26.323043823242209 ], [ 90.999149237738749, 26.317517428927971 ], [ 90.993622843424504, 26.316099378797766 ], [ 90.989710489908887, 26.313067287868947 ], [ 90.985289510091178, 26.311932712131096 ], [ 90.981377156575547, 26.308900621202277 ], [ 90.960289510091172, 26.30776604546443 ], [ 90.95625, 26.304635281033008 ], [ 90.952210489908879, 26.30776604546443 ], [ 90.94778951009117, 26.308900621202277 ], [ 90.942413330078153, 26.313067287868947 ], [ 90.937677341037357, 26.311250135633703 ], [ 90.933900621202284, 26.306377156575543 ], [ 90.932766045464433, 26.301956176757834 ], [ 90.929733954535621, 26.29804382324221 ], [ 90.92859937879777, 26.293622843424501 ], [ 90.925567287868958, 26.289710489908874 ], [ 90.924432712131107, 26.285289510091168 ], [ 90.921400621202281, 26.281377156575541 ], [ 90.919696044921906, 26.274735514322938 ], [ 90.913246663411485, 26.279733954535612 ], [ 90.906122843424512, 26.278599378797765 ], [ 90.902210489908882, 26.275567287868945 ], [ 90.897789510091172, 26.274432712131098 ], [ 90.892413330078156, 26.270266045464432 ], [ 90.889456176757847, 26.271400621202279 ], [ 90.885543823242216, 26.274432712131098 ], [ 90.866666666666703, 26.275 ], [ 90.8625, 26.275 ], [ 90.861528184678846, 26.278398301866339 ], [ 90.850794135199678, 26.279960801866341 ], [ 90.849382527669306, 26.289660305447072 ], [ 90.846450805664091, 26.293673027886307 ], [ 90.845215861002629, 26.304635959201409 ], [ 90.849382527669306, 26.310339694552972 ], [ 90.850617472330754, 26.315298800998285 ], [ 90.842311096191438, 26.317673746744813 ], [ 90.841666666666697, 26.34166666666669 ], [ 90.845172119140656, 26.342566257052972 ], [ 90.846487087673637, 26.357350667317732 ], [ 90.868622843424504, 26.378599378797766 ], [ 90.874149237738749, 26.380017428927975 ], [ 90.875850762261308, 26.386649237738737 ], [ 90.879166666666691, 26.3875 ], [ 90.88966030544708, 26.386882527669293 ], [ 90.893673027886308, 26.383950805664085 ], [ 90.904434204101591, 26.382384914822069 ], [ 90.899382527669303, 26.375469292534746 ], [ 90.901688639322941, 26.370560031467036 ], [ 90.906173027886311, 26.36728413899742 ], [ 90.90833333333336, 26.366666666666688 ] ] ] } },
{ "type": "Feature", "properties": { "station_id": "Manikpur DFO Compound", "station_name": "Manikpur DFO Compound", "State": "Assam", "District": "BONGAIGAON", "Latitude": 26.47232222, "Longitude": 90.80025, "HYBAS_ID": 4120877770, "SUB_AREA": 197.3, "UP_AREA": 493.3, "PFAF_ID": 452550660300, "source": "HydroBASINS v1c Asia level 12", "catchment_status": "candidate_point_matched" }, "geometry": { "type": "Polygon", "coordinates": [ [ [ 90.754166666666691, 26.458333333333357 ], [ 90.75, 26.458333333333357 ], [ 90.74668426513675, 26.45918409559464 ], [ 90.745833333333366, 26.4625 ], [ 90.744933742947083, 26.466005452473979 ], [ 90.731122843424501, 26.467233954535612 ], [ 90.727210489908884, 26.470266045464431 ], [ 90.717586093478758, 26.471537611219642 ], [ 90.713067287868952, 26.476956176757835 ], [ 90.711532253689271, 26.482937282986136 ], [ 90.706377156575542, 26.4869327121311 ], [ 90.700637647840736, 26.488405693901932 ], [ 90.699368116590733, 26.507339477539084 ], [ 90.689710489908876, 26.516099378797765 ], [ 90.680086093478764, 26.517370944552972 ], [ 90.675567287868944, 26.522789510091169 ], [ 90.674432712131107, 26.527210489908878 ], [ 90.67026604546443, 26.532586669921898 ], [ 90.671400621202281, 26.552210489908877 ], [ 90.674531216091609, 26.55625 ], [ 90.671400621202281, 26.56028951009117 ], [ 90.67026604546443, 26.568877156575546 ], [ 90.666099378797767, 26.574253336588566 ], [ 90.667233954535618, 26.581377156575545 ], [ 90.670364549424946, 26.585416666666688 ], [ 90.667233954535618, 26.589456176757835 ], [ 90.666099378797767, 26.606377156575544 ], [ 90.661932712131104, 26.611753336588563 ], [ 90.663067287868955, 26.631377156575546 ], [ 90.666099378797767, 26.63528951009117 ], [ 90.667233954535618, 26.648043823242212 ], [ 90.67026604546443, 26.651956176757835 ], [ 90.671400621202281, 26.656377156575545 ], [ 90.67859937879777, 26.664456176757838 ], [ 90.679733954535621, 26.681377156575547 ], [ 90.682766045464433, 26.68528951009117 ], [ 90.683900621202284, 26.68971048990888 ], [ 90.68693271213111, 26.693622843424503 ], [ 90.688131035698817, 26.711495632595511 ], [ 90.710289510091172, 26.732766045464434 ], [ 90.7125, 26.733333333333359 ], [ 90.711932712131102, 26.726956176757838 ], [ 90.708900621202289, 26.723043823242211 ], [ 90.707766045464439, 26.718622843424505 ], [ 90.704733954535612, 26.714710489908878 ], [ 90.703599378797776, 26.706122843424502 ], [ 90.70056728786895, 26.702210489908879 ], [ 90.699432712131099, 26.69778951009117 ], [ 90.696400621202287, 26.693877156575546 ], [ 90.695266045464436, 26.68528951009117 ], [ 90.691099378797773, 26.679913330078151 ], [ 90.692233954535624, 26.672789510091171 ], [ 90.695266045464436, 26.668877156575544 ], [ 90.696400621202287, 26.647789510091169 ], [ 90.699432712131099, 26.643877156575545 ], [ 90.70056728786895, 26.639456176757836 ], [ 90.707766045464439, 26.631377156575546 ], [ 90.708900621202289, 26.626956176757837 ], [ 90.711932712131102, 26.623043823242213 ], [ 90.713208516438826, 26.613387383355057 ], [ 90.720124816894554, 26.61161261664499 ], [ 90.721541849772166, 26.600887383355058 ], [ 90.72877078586157, 26.599032253689259 ], [ 90.732766045464444, 26.593877156575545 ], [ 90.733900621202281, 26.581122843424502 ], [ 90.745266045464433, 26.568877156575546 ], [ 90.746728854709232, 26.563177151150196 ], [ 90.764456176757847, 26.546400621202281 ], [ 90.769982401529973, 26.544982571072072 ], [ 90.771801079644121, 26.537896050347246 ], [ 90.776956176757835, 26.533900621202278 ], [ 90.7916666666667, 26.533333333333356 ], [ 90.795833333333363, 26.533333333333356 ], [ 90.799149068196641, 26.53418409559464 ], [ 90.801214938693604, 26.542233954535615 ], [ 90.80637715657555, 26.541099378797767 ], [ 90.814456176757844, 26.533900621202278 ], [ 90.829166666666694, 26.533333333333356 ], [ 90.828599378797776, 26.531122843424502 ], [ 90.82556728786895, 26.527210489908878 ], [ 90.824432712131099, 26.518622843424502 ], [ 90.821400621202287, 26.514710489908879 ], [ 90.81998240152997, 26.509184095594641 ], [ 90.81308729383683, 26.507414754231792 ], [ 90.81193271213111, 26.44778951009117 ], [ 90.804733954535621, 26.439710489908876 ], [ 90.804166666666688, 26.4375 ], [ 90.797575547960093, 26.437853325737869 ], [ 90.785757785373292, 26.449646674262176 ], [ 90.772575547960102, 26.450353325737868 ], [ 90.764924452039963, 26.457980007595509 ], [ 90.754166666666691, 26.458333333333357 ] ] ] } },
{ "type": "Feature", "properties": { "station_id": "Bijni", "station_name": "Bijni", "State": "Assam", "District": "Chirang", "Latitude": 26.49246389, "Longitude": 90.70283333, "HYBAS_ID": 4120877770, "SUB_AREA": 197.3, "UP_AREA": 493.3, "PFAF_ID": 452550660300, "source": "HydroBASINS v1c Asia level 12", "catchment_status": "candidate_point_matched" }, "geometry": { "type": "Polygon", "coordinates": [ [ [ 90.754166666666691, 26.458333333333357 ], [ 90.75, 26.458333333333357 ], [ 90.74668426513675, 26.45918409559464 ], [ 90.745833333333366, 26.4625 ], [ 90.744933742947083, 26.466005452473979 ], [ 90.731122843424501, 26.467233954535612 ], [ 90.727210489908884, 26.470266045464431 ], [ 90.717586093478758, 26.471537611219642 ], [ 90.713067287868952, 26.476956176757835 ], [ 90.711532253689271, 26.482937282986136 ], [ 90.706377156575542, 26.4869327121311 ], [ 90.700637647840736, 26.488405693901932 ], [ 90.699368116590733, 26.507339477539084 ], [ 90.689710489908876, 26.516099378797765 ], [ 90.680086093478764, 26.517370944552972 ], [ 90.675567287868944, 26.522789510091169 ], [ 90.674432712131107, 26.527210489908878 ], [ 90.67026604546443, 26.532586669921898 ], [ 90.671400621202281, 26.552210489908877 ], [ 90.674531216091609, 26.55625 ], [ 90.671400621202281, 26.56028951009117 ], [ 90.67026604546443, 26.568877156575546 ], [ 90.666099378797767, 26.574253336588566 ], [ 90.667233954535618, 26.581377156575545 ], [ 90.670364549424946, 26.585416666666688 ], [ 90.667233954535618, 26.589456176757835 ], [ 90.666099378797767, 26.606377156575544 ], [ 90.661932712131104, 26.611753336588563 ], [ 90.663067287868955, 26.631377156575546 ], [ 90.666099378797767, 26.63528951009117 ], [ 90.667233954535618, 26.648043823242212 ], [ 90.67026604546443, 26.651956176757835 ], [ 90.671400621202281, 26.656377156575545 ], [ 90.67859937879777, 26.664456176757838 ], [ 90.679733954535621, 26.681377156575547 ], [ 90.682766045464433, 26.68528951009117 ], [ 90.683900621202284, 26.68971048990888 ], [ 90.68693271213111, 26.693622843424503 ], [ 90.688131035698817, 26.711495632595511 ], [ 90.710289510091172, 26.732766045464434 ], [ 90.7125, 26.733333333333359 ], [ 90.711932712131102, 26.726956176757838 ], [ 90.708900621202289, 26.723043823242211 ], [ 90.707766045464439, 26.718622843424505 ], [ 90.704733954535612, 26.714710489908878 ], [ 90.703599378797776, 26.706122843424502 ], [ 90.70056728786895, 26.702210489908879 ], [ 90.699432712131099, 26.69778951009117 ], [ 90.696400621202287, 26.693877156575546 ], [ 90.695266045464436, 26.68528951009117 ], [ 90.691099378797773, 26.679913330078151 ], [ 90.692233954535624, 26.672789510091171 ], [ 90.695266045464436, 26.668877156575544 ], [ 90.696400621202287, 26.647789510091169 ], [ 90.699432712131099, 26.643877156575545 ], [ 90.70056728786895, 26.639456176757836 ], [ 90.707766045464439, 26.631377156575546 ], [ 90.708900621202289, 26.626956176757837 ], [ 90.711932712131102, 26.623043823242213 ], [ 90.713208516438826, 26.613387383355057 ], [ 90.720124816894554, 26.61161261664499 ], [ 90.721541849772166, 26.600887383355058 ], [ 90.72877078586157, 26.599032253689259 ], [ 90.732766045464444, 26.593877156575545 ], [ 90.733900621202281, 26.581122843424502 ], [ 90.745266045464433, 26.568877156575546 ], [ 90.746728854709232, 26.563177151150196 ], [ 90.764456176757847, 26.546400621202281 ], [ 90.769982401529973, 26.544982571072072 ], [ 90.771801079644121, 26.537896050347246 ], [ 90.776956176757835, 26.533900621202278 ], [ 90.7916666666667, 26.533333333333356 ], [ 90.795833333333363, 26.533333333333356 ], [ 90.799149068196641, 26.53418409559464 ], [ 90.801214938693604, 26.542233954535615 ], [ 90.80637715657555, 26.541099378797767 ], [ 90.814456176757844, 26.533900621202278 ], [ 90.829166666666694, 26.533333333333356 ], [ 90.828599378797776, 26.531122843424502 ], [ 90.82556728786895, 26.527210489908878 ], [ 90.824432712131099, 26.518622843424502 ], [ 90.821400621202287, 26.514710489908879 ], [ 90.81998240152997, 26.509184095594641 ], [ 90.81308729383683, 26.507414754231792 ], [ 90.81193271213111, 26.44778951009117 ], [ 90.804733954535621, 26.439710489908876 ], [ 90.804166666666688, 26.4375 ], [ 90.797575547960093, 26.437853325737869 ], [ 90.785757785373292, 26.449646674262176 ], [ 90.772575547960102, 26.450353325737868 ], [ 90.764924452039963, 26.457980007595509 ], [ 90.754166666666691, 26.458333333333357 ] ] ] } },
{ "type": "Feature", "properties": { "station_id": "Beki", "station_name": "Beki", "State": "Assam", "District": "BARPETA", "Latitude": 26.49833333, "Longitude": 90.91916667, "HYBAS_ID": 4121485000, "SUB_AREA": 151.4, "UP_AREA": 29100.7, "PFAF_ID": 452563000120, "source": "HydroBASINS v1c Asia level 12", "catchment_status": "candidate_point_matched" }, "geometry": { "type": "Polygon", "coordinates": [ [ [ 90.925, 26.525 ], [ 90.929166666666703, 26.525 ], [ 90.935757785373298, 26.525353325737871 ], [ 90.939242214626759, 26.528813340928842 ], [ 90.958333333333357, 26.52916666666669 ], [ 90.958976236979197, 26.52286512586808 ], [ 90.961857096354194, 26.518801540798634 ], [ 90.96314290364586, 26.506198459201411 ], [ 90.967309570312523, 26.50032179090714 ], [ 90.965659925672767, 26.491824001736134 ], [ 90.960468207465311, 26.488142903645855 ], [ 90.953523763020868, 26.486052110460093 ], [ 90.954809570312534, 26.477031792534746 ], [ 90.957690429687531, 26.4729682074653 ], [ 90.958976236979197, 26.464531792534746 ], [ 90.961857096354194, 26.460468207465301 ], [ 90.963761732313401, 26.454143269856793 ], [ 90.96869845920142, 26.450642903645857 ], [ 90.975023396809931, 26.448738267686654 ], [ 90.97852376302086, 26.443801540798635 ], [ 90.98008219401045, 26.428523763020856 ], [ 90.985468207465303, 26.429809570312521 ], [ 90.995199584960972, 26.438142903645854 ], [ 91.012777370876762, 26.436662801106792 ], [ 91.007690429687528, 26.429488457573807 ], [ 91.009176296658012, 26.421833970811655 ], [ 91.0125, 26.420833333333356 ], [ 91.012146674262183, 26.414242214626757 ], [ 90.992019992404551, 26.394091118706619 ], [ 90.991666666666703, 26.3875 ], [ 90.989506361219654, 26.386882527669293 ], [ 90.972993638780409, 26.371450805664082 ], [ 90.959701199001771, 26.370215861002627 ], [ 90.95740695529517, 26.378240288628493 ], [ 90.952006361219645, 26.379784138997419 ], [ 90.94382697211374, 26.386882527669293 ], [ 90.939506361219642, 26.388117472330752 ], [ 90.935416666666697, 26.39110514322919 ], [ 90.931326972113752, 26.388117472330752 ], [ 90.925926378038227, 26.386573621961826 ], [ 90.924382527669295, 26.381173027886305 ], [ 90.917284138997431, 26.372993638780404 ], [ 90.915718248155414, 26.362232462565125 ], [ 90.910493638780409, 26.366049194335957 ], [ 90.90833333333336, 26.366666666666688 ], [ 90.906173027886311, 26.36728413899742 ], [ 90.901688639322941, 26.370560031467036 ], [ 90.899382527669303, 26.375469292534746 ], [ 90.904434204101591, 26.382384914822069 ], [ 90.893673027886308, 26.383950805664085 ], [ 90.88966030544708, 26.386882527669293 ], [ 90.879166666666691, 26.3875 ], [ 90.879827880859409, 26.394933742947071 ], [ 90.886906263563404, 26.39675021701391 ], [ 90.88806728786895, 26.442413330078146 ], [ 90.883801947699681, 26.447916666666689 ], [ 90.886932712131099, 26.451956176757836 ], [ 90.88806728786895, 26.454913330078149 ], [ 90.883900621202287, 26.460289510091169 ], [ 90.882766045464436, 26.464710489908878 ], [ 90.879733954535624, 26.468622843424502 ], [ 90.879166666666691, 26.475 ], [ 90.879519992404539, 26.485757785373288 ], [ 90.882980007595521, 26.48924221462676 ], [ 90.883686659071216, 26.493379720052104 ], [ 90.879519992404539, 26.497575547960093 ], [ 90.879166666666691, 26.5125 ], [ 90.898257785373289, 26.512853325737872 ], [ 90.905908881293428, 26.520480007595509 ], [ 90.910757785373292, 26.521186659071205 ], [ 90.916308593750031, 26.526709662543425 ], [ 90.9166666666667, 26.52916666666669 ], [ 90.920833333333363, 26.52916666666669 ], [ 90.921684095594642, 26.525850762261307 ], [ 90.925, 26.525 ] ] ] } },
{ "type": "Feature", "properties": { "station_id": "Bahari High School", "station_name": "Bahari High School", "State": "Assam", "District": "BARPETA", "Latitude": 26.25377778, "Longitude": 91.13723611, "HYBAS_ID": 4120885500, "SUB_AREA": 77.9, "UP_AREA": 419846.8, "PFAF_ID": 452570010300, "source": "HydroBASINS v1c Asia level 12", "catchment_status": "candidate_point_matched" }, "geometry": { "type": "Polygon", "coordinates": [ [ [ 91.154166666666697, 26.170833333333352 ], [ 91.151956176757849, 26.171400621202277 ], [ 91.148043823242219, 26.174432712131097 ], [ 91.138387383355067, 26.175708346896723 ], [ 91.136932712131113, 26.181377156575543 ], [ 91.133801947699681, 26.185416666666686 ], [ 91.136932712131113, 26.189456176757833 ], [ 91.13806728786895, 26.192413330078146 ], [ 91.132937282986148, 26.199032253689257 ], [ 91.126956176757844, 26.200567287868942 ], [ 91.11887715657555, 26.207766045464432 ], [ 91.116666666666703, 26.208333333333353 ], [ 91.116313340928855, 26.210757785373286 ], [ 91.112853325737873, 26.214242214626758 ], [ 91.1125, 26.216666666666686 ], [ 91.108333333333363, 26.216666666666686 ], [ 91.10767788357208, 26.21878899468318 ], [ 91.104794650607673, 26.222916666666688 ], [ 91.108242119683197, 26.227851698133701 ], [ 91.115960354275202, 26.230235120985263 ], [ 91.117389933268257, 26.257587009006098 ], [ 91.137745836046037, 26.25898878309464 ], [ 91.143711005316874, 26.254822116427974 ], [ 91.158579169379365, 26.253511216905402 ], [ 91.164583333333368, 26.257705349392381 ], [ 91.168753729926252, 26.254791937934048 ], [ 91.177044338650205, 26.261844550238735 ], [ 91.18763258192277, 26.263494533962696 ], [ 91.183988783094648, 26.26871100531686 ], [ 91.183333333333366, 26.270833333333353 ], [ 91.193839518229197, 26.271438259548631 ], [ 91.199459499783018, 26.275604926215298 ], [ 91.20756157769101, 26.274180094401064 ], [ 91.209110175238749, 26.263284979926237 ], [ 91.213950602213572, 26.262569512261305 ], [ 91.218660481770868, 26.266061740451409 ], [ 91.235506184895868, 26.267271592881965 ], [ 91.239493815104197, 26.270228407118076 ], [ 91.245833333333366, 26.270833333333353 ], [ 91.245167371961841, 26.255022176106792 ], [ 91.239660305447075, 26.250617472330749 ], [ 91.235339694552977, 26.24938252766929 ], [ 91.231326972113749, 26.246450805664082 ], [ 91.221805148654539, 26.245064968533008 ], [ 91.219861518012181, 26.238268364800369 ], [ 91.209068467881977, 26.236697387695333 ], [ 91.207597859700556, 26.221633232964429 ], [ 91.20216030544708, 26.217284138997417 ], [ 91.184157986111146, 26.215962388780401 ], [ 91.179784138997434, 26.210493638780402 ], [ 91.179166666666703, 26.2 ], [ 91.175, 26.2 ], [ 91.175, 26.195833333333354 ], [ 91.174646674262178, 26.189242214626756 ], [ 91.171186659071211, 26.185757785373283 ], [ 91.170477634006104, 26.176712036132834 ], [ 91.164924452039969, 26.1711866590712 ], [ 91.154166666666697, 26.170833333333352 ] ] ] } },
{ "type": "Feature", "properties": { "station_id": "Panbari R/G Site", "station_name": "Panbari R/G Site", "State": "Assam", "District": "BONGAIGAON", "Latitude": 26.59611111, "Longitude": 90.83, "HYBAS_ID": 4120875450, "SUB_AREA": 131.0, "UP_AREA": 131.1, "PFAF_ID": 452550660400, "source": "HydroBASINS v1c Asia level 12", "catchment_status": "candidate_point_matched" }, "geometry": { "type": "Polygon", "coordinates": [ [ [ 90.795833333333363, 26.533333333333356 ], [ 90.7916666666667, 26.533333333333356 ], [ 90.7916666666667, 26.5375 ], [ 90.791084459092914, 26.573978678385441 ], [ 90.785543823242222, 26.578599378797765 ], [ 90.781122843424512, 26.579733954535612 ], [ 90.777210489908882, 26.582766045464432 ], [ 90.772789510091172, 26.583900621202282 ], [ 90.768877156575542, 26.586932712131102 ], [ 90.763350931803416, 26.588350762261307 ], [ 90.761932712131099, 26.593877156575545 ], [ 90.754733954535624, 26.601956176757838 ], [ 90.753599378797773, 26.606377156575544 ], [ 90.750567287868947, 26.610289510091171 ], [ 90.74943271213111, 26.614710489908877 ], [ 90.746400621202284, 26.618622843424504 ], [ 90.745266045464433, 26.631377156575546 ], [ 90.742233954535621, 26.63528951009117 ], [ 90.741064283582929, 26.669918823242213 ], [ 90.733729214138478, 26.671801079644123 ], [ 90.728599378797767, 26.678420003255233 ], [ 90.729733954535618, 26.681377156575547 ], [ 90.732864549424946, 26.68541666666669 ], [ 90.728599378797767, 26.690920003255233 ], [ 90.729733954535618, 26.73554382324221 ], [ 90.736932712131107, 26.743622843424504 ], [ 90.738067287868958, 26.748043823242213 ], [ 90.74109937879777, 26.751956176757837 ], [ 90.742297871907581, 26.76983066134985 ], [ 90.76028951009117, 26.786932712131101 ], [ 90.7625, 26.7875 ], [ 90.766931321885878, 26.786362711588566 ], [ 90.76306728786895, 26.781377156575545 ], [ 90.7625, 26.77916666666669 ], [ 90.762142266167558, 26.776711697048636 ], [ 90.752424452039961, 26.767019992404538 ], [ 90.75, 26.766666666666691 ], [ 90.75, 26.725 ], [ 90.753470526801237, 26.724109225802977 ], [ 90.774432712131102, 26.702210489908879 ], [ 90.775567287868952, 26.69778951009117 ], [ 90.778599378797765, 26.693877156575546 ], [ 90.779869588216172, 26.684262424045162 ], [ 90.789456176757838, 26.675567287868947 ], [ 90.795250447591172, 26.674080403645856 ], [ 90.80359937879777, 26.664710489908877 ], [ 90.805086432562959, 26.658916219075543 ], [ 90.814456176757844, 26.650567287868949 ], [ 90.820172119140651, 26.649100409613737 ], [ 90.821494547526072, 26.634232923719644 ], [ 90.825, 26.633333333333358 ], [ 90.82556728786895, 26.631122843424503 ], [ 90.828599378797776, 26.62721048990888 ], [ 90.829733954535612, 26.601956176757838 ], [ 90.836932712131102, 26.593877156575545 ], [ 90.838067287868952, 26.585289510091169 ], [ 90.842233954535615, 26.579913330078149 ], [ 90.840659925672767, 26.575811089409747 ], [ 90.83393571641713, 26.574085489908878 ], [ 90.832766045464439, 26.539456176757835 ], [ 90.829733954535612, 26.535543823242211 ], [ 90.829166666666694, 26.533333333333356 ], [ 90.814456176757844, 26.533900621202278 ], [ 90.80637715657555, 26.541099378797767 ], [ 90.801214938693604, 26.542233954535615 ], [ 90.799149068196641, 26.53418409559464 ], [ 90.795833333333363, 26.533333333333356 ] ] ] } },
{ "type": "Feature", "properties": { "station_id": "Roumari State Dispensary", "station_name": "Roumari State Dispensary", "State": "Assam", "District": "KAMRUP", "Latitude": 26.52406389, "Longitude": 90.564, "HYBAS_ID": 4120875100, "SUB_AREA": 78.5, "UP_AREA": 1298.6, "PFAF_ID": 452550691000, "source": "HydroBASINS v1c Asia level 12", "catchment_status": "candidate_point_matched" }, "geometry": { "type": "Polygon", "coordinates": [ [ [ 90.483333333333363, 26.704166666666691 ], [ 90.485757785373295, 26.704519992404538 ], [ 90.49130859375002, 26.710042995876762 ], [ 90.492019992404536, 26.714924452039956 ], [ 90.495480007595518, 26.718408881293428 ], [ 90.495833333333366, 26.745833333333358 ], [ 90.499604119194899, 26.744865587022595 ], [ 90.503599378797773, 26.73971048990888 ], [ 90.50473395453561, 26.731122843424505 ], [ 90.508900621202287, 26.725746663411485 ], [ 90.507766045464436, 26.706122843424502 ], [ 90.503599378797773, 26.700746663411483 ], [ 90.50473395453561, 26.69778951009117 ], [ 90.507766045464436, 26.693877156575546 ], [ 90.508900621202287, 26.68528951009117 ], [ 90.511932712131099, 26.681377156575547 ], [ 90.51306728786895, 26.676956176757837 ], [ 90.517233954535612, 26.671579996744818 ], [ 90.516099378797776, 26.643622843424502 ], [ 90.511932712131099, 26.638246663411483 ], [ 90.51306728786895, 26.618622843424504 ], [ 90.516099378797776, 26.614710489908877 ], [ 90.517233954535612, 26.606122843424501 ], [ 90.520266045464439, 26.602210489908877 ], [ 90.521400621202289, 26.597789510091168 ], [ 90.528599378797765, 26.589710489908878 ], [ 90.530017598470081, 26.58418409559464 ], [ 90.535543823242207, 26.582766045464432 ], [ 90.551956176757841, 26.567233954535613 ], [ 90.55637715657555, 26.566099378797766 ], [ 90.564456176757844, 26.55890062120228 ], [ 90.566666666666691, 26.558333333333358 ], [ 90.56757592095272, 26.554790242513043 ], [ 90.579166666666694, 26.554166666666688 ], [ 90.579166666666694, 26.55 ], [ 90.583333333333357, 26.55 ], [ 90.582978481716609, 26.543379720052108 ], [ 90.577424452039963, 26.537853325737871 ], [ 90.572543165418864, 26.537141927083358 ], [ 90.567019992404539, 26.531591118706622 ], [ 90.566666666666691, 26.520833333333357 ], [ 90.564456176757844, 26.521400621202279 ], [ 90.559301079644129, 26.525396050347247 ], [ 90.557482401529981, 26.532482571072073 ], [ 90.55085093180341, 26.53418409559464 ], [ 90.549432712131107, 26.539710489908877 ], [ 90.540693664550801, 26.549345228407141 ], [ 90.53333333333336, 26.55 ], [ 90.530908881293428, 26.55035332573787 ], [ 90.527424452039952, 26.553813340928844 ], [ 90.525, 26.554166666666688 ], [ 90.520833333333357, 26.554166666666688 ], [ 90.520266045464439, 26.556377156575543 ], [ 90.492233954535621, 26.585289510091169 ], [ 90.49109937879777, 26.606377156575544 ], [ 90.488067287868944, 26.610289510091171 ], [ 90.48679148356122, 26.619945949978323 ], [ 90.483333333333363, 26.620833333333358 ], [ 90.483333333333363, 26.633333333333358 ], [ 90.482482401529978, 26.636649237738737 ], [ 90.479166666666686, 26.6375 ], [ 90.478813340928852, 26.639924452039956 ], [ 90.470847235785612, 26.647915988498287 ], [ 90.474646674262175, 26.651742214626761 ], [ 90.475353325737871, 26.660049099392385 ], [ 90.467019992404545, 26.668408881293427 ], [ 90.466313340928849, 26.673257785373288 ], [ 90.462853325737868, 26.67674221462676 ], [ 90.462146674262172, 26.680879720052108 ], [ 90.466313340928849, 26.685075547960093 ], [ 90.466666666666697, 26.7 ], [ 90.478257412380671, 26.700623575846379 ], [ 90.479166666666686, 26.704166666666691 ], [ 90.483333333333363, 26.704166666666691 ] ] ] } },
{ "type": "Feature", "properties": { "station_id": "Khagrabari", "station_name": "Khagrabari", "State": "Assam", "District": "BONGAIGAON", "Latitude": 26.55531667, "Longitude": 90.56510833, "HYBAS_ID": 4120875100, "SUB_AREA": 78.5, "UP_AREA": 1298.6, "PFAF_ID": 452550691000, "source": "HydroBASINS v1c Asia level 12", "catchment_status": "candidate_point_matched" }, "geometry": { "type": "Polygon", "coordinates": [ [ [ 90.483333333333363, 26.704166666666691 ], [ 90.485757785373295, 26.704519992404538 ], [ 90.49130859375002, 26.710042995876762 ], [ 90.492019992404536, 26.714924452039956 ], [ 90.495480007595518, 26.718408881293428 ], [ 90.495833333333366, 26.745833333333358 ], [ 90.499604119194899, 26.744865587022595 ], [ 90.503599378797773, 26.73971048990888 ], [ 90.50473395453561, 26.731122843424505 ], [ 90.508900621202287, 26.725746663411485 ], [ 90.507766045464436, 26.706122843424502 ], [ 90.503599378797773, 26.700746663411483 ], [ 90.50473395453561, 26.69778951009117 ], [ 90.507766045464436, 26.693877156575546 ], [ 90.508900621202287, 26.68528951009117 ], [ 90.511932712131099, 26.681377156575547 ], [ 90.51306728786895, 26.676956176757837 ], [ 90.517233954535612, 26.671579996744818 ], [ 90.516099378797776, 26.643622843424502 ], [ 90.511932712131099, 26.638246663411483 ], [ 90.51306728786895, 26.618622843424504 ], [ 90.516099378797776, 26.614710489908877 ], [ 90.517233954535612, 26.606122843424501 ], [ 90.520266045464439, 26.602210489908877 ], [ 90.521400621202289, 26.597789510091168 ], [ 90.528599378797765, 26.589710489908878 ], [ 90.530017598470081, 26.58418409559464 ], [ 90.535543823242207, 26.582766045464432 ], [ 90.551956176757841, 26.567233954535613 ], [ 90.55637715657555, 26.566099378797766 ], [ 90.564456176757844, 26.55890062120228 ], [ 90.566666666666691, 26.558333333333358 ], [ 90.56757592095272, 26.554790242513043 ], [ 90.579166666666694, 26.554166666666688 ], [ 90.579166666666694, 26.55 ], [ 90.583333333333357, 26.55 ], [ 90.582978481716609, 26.543379720052108 ], [ 90.577424452039963, 26.537853325737871 ], [ 90.572543165418864, 26.537141927083358 ], [ 90.567019992404539, 26.531591118706622 ], [ 90.566666666666691, 26.520833333333357 ], [ 90.564456176757844, 26.521400621202279 ], [ 90.559301079644129, 26.525396050347247 ], [ 90.557482401529981, 26.532482571072073 ], [ 90.55085093180341, 26.53418409559464 ], [ 90.549432712131107, 26.539710489908877 ], [ 90.540693664550801, 26.549345228407141 ], [ 90.53333333333336, 26.55 ], [ 90.530908881293428, 26.55035332573787 ], [ 90.527424452039952, 26.553813340928844 ], [ 90.525, 26.554166666666688 ], [ 90.520833333333357, 26.554166666666688 ], [ 90.520266045464439, 26.556377156575543 ], [ 90.492233954535621, 26.585289510091169 ], [ 90.49109937879777, 26.606377156575544 ], [ 90.488067287868944, 26.610289510091171 ], [ 90.48679148356122, 26.619945949978323 ], [ 90.483333333333363, 26.620833333333358 ], [ 90.483333333333363, 26.633333333333358 ], [ 90.482482401529978, 26.636649237738737 ], [ 90.479166666666686, 26.6375 ], [ 90.478813340928852, 26.639924452039956 ], [ 90.470847235785612, 26.647915988498287 ], [ 90.474646674262175, 26.651742214626761 ], [ 90.475353325737871, 26.660049099392385 ], [ 90.467019992404545, 26.668408881293427 ], [ 90.466313340928849, 26.673257785373288 ], [ 90.462853325737868, 26.67674221462676 ], [ 90.462146674262172, 26.680879720052108 ], [ 90.466313340928849, 26.685075547960093 ], [ 90.466666666666697, 26.7 ], [ 90.478257412380671, 26.700623575846379 ], [ 90.479166666666686, 26.704166666666691 ], [ 90.483333333333363, 26.704166666666691 ] ] ] } },
{ "type": "Feature", "properties": { "station_id": "Boko Circle Office", "station_name": "Boko Circle Office", "State": "Assam", "District": "KAMRUP", "Latitude": 25.97583333, "Longitude": 91.23055556, "HYBAS_ID": 4120891300, "SUB_AREA": 140.6, "UP_AREA": 284.6, "PFAF_ID": 452550880310, "source": "HydroBASINS v1c Asia level 12", "catchment_status": "candidate_point_matched" }, "geometry": { "type": "Polygon", "coordinates": [ [ [ 91.2, 25.908333333333353 ], [ 91.197789510091184, 25.908900621202275 ], [ 91.193877156575553, 25.911932712131094 ], [ 91.184220716688401, 25.91320834689672 ], [ 91.182766045464447, 25.91887715657554 ], [ 91.179733954535621, 25.922789510091164 ], [ 91.17859937879777, 25.930103895399323 ], [ 91.187038167317738, 25.939574517144116 ], [ 91.183900621202284, 25.9436228434245 ], [ 91.182766045464447, 25.948785061306442 ], [ 91.18971048990889, 25.950567287868942 ], [ 91.19501783582902, 25.954993353949671 ], [ 91.196400621202287, 25.961285061306441 ], [ 91.188107638888923, 25.963413492838562 ], [ 91.18693271213111, 25.99387715657554 ], [ 91.183900621202284, 25.997789510091167 ], [ 91.182766045464447, 26.002210489908872 ], [ 91.179635281033015, 26.00625 ], [ 91.183534749348993, 26.011281331380228 ], [ 91.182476467556455, 26.016001722547763 ], [ 91.168622843424515, 26.017233954535609 ], [ 91.163467746310801, 26.021229383680573 ], [ 91.1625, 26.025 ], [ 91.162854003906276, 26.035784233940991 ], [ 91.176742214626771, 26.049646674262171 ], [ 91.179166666666703, 26.05 ], [ 91.179166666666703, 26.054166666666685 ], [ 91.1875, 26.054166666666685 ], [ 91.188568454318613, 26.050706312391512 ], [ 91.214622328016532, 26.049344550238736 ], [ 91.220587497287354, 26.045177883572066 ], [ 91.224294026692746, 26.04722934299047 ], [ 91.225866699218784, 26.06732211642797 ], [ 91.239622328016523, 26.066011216905402 ], [ 91.243711005316868, 26.063155449761304 ], [ 91.254001871744819, 26.061551581488736 ], [ 91.258988783094651, 26.054412502712694 ], [ 91.257472737630238, 26.046854315863733 ], [ 91.249344550238746, 26.044344414605053 ], [ 91.250802273220515, 26.034372287326409 ], [ 91.256288994683189, 26.032677883572067 ], [ 91.264544338650211, 26.025655449761302 ], [ 91.268788994683192, 26.024344550238734 ], [ 91.272877671983537, 26.021488783094636 ], [ 91.282490709092912, 26.019990709092902 ], [ 91.283988783094657, 26.010377671983527 ], [ 91.286844550238754, 26.006288994683178 ], [ 91.288535563151072, 26.000812445746547 ], [ 91.298964436848991, 25.999187554253492 ], [ 91.300655449761322, 25.993711005316861 ], [ 91.30351121690542, 25.989622328016512 ], [ 91.304822116427985, 25.985377671983525 ], [ 91.308280097113752, 25.980427381727448 ], [ 91.302122328016523, 25.975655449761305 ], [ 91.28308919270836, 25.974165513780399 ], [ 91.286844550238754, 25.96878899468318 ], [ 91.288312445746556, 25.959368896484392 ], [ 91.294850328233537, 25.957350328233524 ], [ 91.295833333333363, 25.954166666666687 ], [ 91.285289510091175, 25.953599378797776 ], [ 91.281377156575559, 25.950567287868957 ], [ 91.275850762261314, 25.94914906819665 ], [ 91.274119059244825, 25.942400783962707 ], [ 91.265729437934056, 25.941099378797777 ], [ 91.256377156575553, 25.949432712131109 ], [ 91.251214938693607, 25.950567287868957 ], [ 91.24943271213111, 25.943622843424514 ], [ 91.246400621202284, 25.93971048990889 ], [ 91.244933742947083, 25.933994547526076 ], [ 91.2375, 25.933333333333351 ], [ 91.235075547960108, 25.932980007595521 ], [ 91.231591118706632, 25.929519992404547 ], [ 91.222575547960105, 25.928813340928855 ], [ 91.202424452039963, 25.908686659071215 ], [ 91.2, 25.908333333333353 ] ] ] } },
{ "type": "Feature", "properties": { "station_id": "NH17 Crossing Boko", "station_name": "NH17 Crossing Boko", "State": "Assam", "District": "Kamrup Metropolitan", "Latitude": 25.9775, "Longitude": 91.23416667, "HYBAS_ID": 4120891300, "SUB_AREA": 140.6, "UP_AREA": 284.6, "PFAF_ID": 452550880310, "source": "HydroBASINS v1c Asia level 12", "catchment_status": "candidate_point_matched" }, "geometry": { "type": "Polygon", "coordinates": [ [ [ 91.2, 25.908333333333353 ], [ 91.197789510091184, 25.908900621202275 ], [ 91.193877156575553, 25.911932712131094 ], [ 91.184220716688401, 25.91320834689672 ], [ 91.182766045464447, 25.91887715657554 ], [ 91.179733954535621, 25.922789510091164 ], [ 91.17859937879777, 25.930103895399323 ], [ 91.187038167317738, 25.939574517144116 ], [ 91.183900621202284, 25.9436228434245 ], [ 91.182766045464447, 25.948785061306442 ], [ 91.18971048990889, 25.950567287868942 ], [ 91.19501783582902, 25.954993353949671 ], [ 91.196400621202287, 25.961285061306441 ], [ 91.188107638888923, 25.963413492838562 ], [ 91.18693271213111, 25.99387715657554 ], [ 91.183900621202284, 25.997789510091167 ], [ 91.182766045464447, 26.002210489908872 ], [ 91.179635281033015, 26.00625 ], [ 91.183534749348993, 26.011281331380228 ], [ 91.182476467556455, 26.016001722547763 ], [ 91.168622843424515, 26.017233954535609 ], [ 91.163467746310801, 26.021229383680573 ], [ 91.1625, 26.025 ], [ 91.162854003906276, 26.035784233940991 ], [ 91.176742214626771, 26.049646674262171 ], [ 91.179166666666703, 26.05 ], [ 91.179166666666703, 26.054166666666685 ], [ 91.1875, 26.054166666666685 ], [ 91.188568454318613, 26.050706312391512 ], [ 91.214622328016532, 26.049344550238736 ], [ 91.220587497287354, 26.045177883572066 ], [ 91.224294026692746, 26.04722934299047 ], [ 91.225866699218784, 26.06732211642797 ], [ 91.239622328016523, 26.066011216905402 ], [ 91.243711005316868, 26.063155449761304 ], [ 91.254001871744819, 26.061551581488736 ], [ 91.258988783094651, 26.054412502712694 ], [ 91.257472737630238, 26.046854315863733 ], [ 91.249344550238746, 26.044344414605053 ], [ 91.250802273220515, 26.034372287326409 ], [ 91.256288994683189, 26.032677883572067 ], [ 91.264544338650211, 26.025655449761302 ], [ 91.268788994683192, 26.024344550238734 ], [ 91.272877671983537, 26.021488783094636 ], [ 91.282490709092912, 26.019990709092902 ], [ 91.283988783094657, 26.010377671983527 ], [ 91.286844550238754, 26.006288994683178 ], [ 91.288535563151072, 26.000812445746547 ], [ 91.298964436848991, 25.999187554253492 ], [ 91.300655449761322, 25.993711005316861 ], [ 91.30351121690542, 25.989622328016512 ], [ 91.304822116427985, 25.985377671983525 ], [ 91.308280097113752, 25.980427381727448 ], [ 91.302122328016523, 25.975655449761305 ], [ 91.28308919270836, 25.974165513780399 ], [ 91.286844550238754, 25.96878899468318 ], [ 91.288312445746556, 25.959368896484392 ], [ 91.294850328233537, 25.957350328233524 ], [ 91.295833333333363, 25.954166666666687 ], [ 91.285289510091175, 25.953599378797776 ], [ 91.281377156575559, 25.950567287868957 ], [ 91.275850762261314, 25.94914906819665 ], [ 91.274119059244825, 25.942400783962707 ], [ 91.265729437934056, 25.941099378797777 ], [ 91.256377156575553, 25.949432712131109 ], [ 91.251214938693607, 25.950567287868957 ], [ 91.24943271213111, 25.943622843424514 ], [ 91.246400621202284, 25.93971048990889 ], [ 91.244933742947083, 25.933994547526076 ], [ 91.2375, 25.933333333333351 ], [ 91.235075547960108, 25.932980007595521 ], [ 91.231591118706632, 25.929519992404547 ], [ 91.222575547960105, 25.928813340928855 ], [ 91.202424452039963, 25.908686659071215 ], [ 91.2, 25.908333333333353 ] ] ] } },
{ "type": "Feature", "properties": { "station_id": "Sarukhetri High School", "station_name": "Sarukhetri High School", "State": "Assam", "District": "BARPETA", "Latitude": 26.35099167, "Longitude": 91.21987222, "HYBAS_ID": 4120881670, "SUB_AREA": 153.1, "UP_AREA": 445.4, "PFAF_ID": 452562040100, "source": "HydroBASINS v1c Asia level 12", "catchment_status": "candidate_point_matched" }, "geometry": { "type": "Polygon", "coordinates": [ [ [ 91.170833333333363, 26.34166666666669 ], [ 91.167375013563401, 26.342554050021722 ], [ 91.166099378797782, 26.352210489908877 ], [ 91.158795166015651, 26.360407850477451 ], [ 91.161932712131104, 26.364456176757834 ], [ 91.1625, 26.370833333333355 ], [ 91.163467746310801, 26.374603949652801 ], [ 91.168622843424515, 26.378599378797766 ], [ 91.174149237738746, 26.380017428927975 ], [ 91.175850762261319, 26.386649237738737 ], [ 91.182937282986146, 26.388467746310788 ], [ 91.18693271213111, 26.393622843424502 ], [ 91.188067287868961, 26.402210489908875 ], [ 91.191099378797773, 26.406122843424502 ], [ 91.192566257052988, 26.411838785807312 ], [ 91.2, 26.4125 ], [ 91.200642903645871, 26.410365125868079 ], [ 91.209118991427985, 26.400701226128493 ], [ 91.237821790907148, 26.399357096354187 ], [ 91.243698459201426, 26.403523763020857 ], [ 91.247968207465306, 26.404809570312523 ], [ 91.260365125868091, 26.416023763020856 ], [ 91.269819132487015, 26.417464531792557 ], [ 91.271476236979197, 26.422968207465299 ], [ 91.274357096354194, 26.427031792534745 ], [ 91.27564290364586, 26.436052110460093 ], [ 91.266681925455757, 26.438749864366343 ], [ 91.270190429687531, 26.443698459201411 ], [ 91.271871270073817, 26.449281141493078 ], [ 91.290891859266523, 26.450739203559049 ], [ 91.292309570312526, 26.464634874131967 ], [ 91.303523763020863, 26.477031792534746 ], [ 91.304809570312528, 26.481885443793427 ], [ 91.3, 26.483333333333356 ], [ 91.300771416558192, 26.49089525010853 ], [ 91.314634874131983, 26.492309570312521 ], [ 91.318698459201414, 26.495190429687522 ], [ 91.322968207465308, 26.496476236979191 ], [ 91.327031792534754, 26.499357096354188 ], [ 91.329166666666694, 26.5 ], [ 91.330017428927988, 26.496684095594642 ], [ 91.337103949652814, 26.494865587022591 ], [ 91.341099378797779, 26.489710489908877 ], [ 91.341666666666697, 26.483333333333356 ], [ 91.34583333333336, 26.483333333333356 ], [ 91.345480007595512, 26.480908881293423 ], [ 91.342019992404545, 26.477424452039955 ], [ 91.341666666666697, 26.470833333333356 ], [ 91.338394504123301, 26.470062594943599 ], [ 91.336970350477458, 26.465583631727455 ], [ 91.345445081922776, 26.45625949435766 ], [ 91.341184488932328, 26.450999281141517 ], [ 91.342613728841172, 26.446411471896724 ], [ 91.3541666666667, 26.445833333333354 ], [ 91.353480699327292, 26.43021477593318 ], [ 91.347865125868083, 26.428523763020856 ], [ 91.343801540798637, 26.425642903645855 ], [ 91.337411499023474, 26.423718939887173 ], [ 91.3464762369792, 26.413133748372417 ], [ 91.345190429687534, 26.410365125868079 ], [ 91.341023763020871, 26.404488457573805 ], [ 91.342376030815998, 26.384374321831618 ], [ 91.349984741210974, 26.382083468967036 ], [ 91.346439615885444, 26.377083333333356 ], [ 91.350250244140653, 26.371708848741342 ], [ 91.341666666666697, 26.370833333333355 ], [ 91.339456176757849, 26.370266045464433 ], [ 91.335543823242219, 26.367233954535614 ], [ 91.31788160536027, 26.366099378797763 ], [ 91.315503607855931, 26.375365871853319 ], [ 91.30637715657555, 26.367233954535614 ], [ 91.295086669921901, 26.366099378797763 ], [ 91.289583333333368, 26.370364718967036 ], [ 91.285543823242222, 26.367233954535614 ], [ 91.272789510091172, 26.366099378797763 ], [ 91.268877156575556, 26.363067287868944 ], [ 91.260289510091184, 26.361932712131097 ], [ 91.248043823242213, 26.350567287868945 ], [ 91.243622843424518, 26.349432712131097 ], [ 91.239710489908887, 26.346400621202278 ], [ 91.236753336588578, 26.345266045464431 ], [ 91.231377156575547, 26.349432712131097 ], [ 91.215920003255235, 26.350567287868945 ], [ 91.210543823242219, 26.346400621202278 ], [ 91.206122843424509, 26.345266045464431 ], [ 91.202210489908879, 26.342233954535612 ], [ 91.193622843424507, 26.341099378797765 ], [ 91.18971048990889, 26.338067287868945 ], [ 91.170833333333363, 26.3375 ], [ 91.170833333333363, 26.34166666666669 ] ] ] } },
{ "type": "Feature", "properties": { "station_id": "Barnadi GD Site", "station_name": "Barnadi GD Site", "State": "Assam", "District": "DARRANG", "Latitude": 26.38, "Longitude": 91.18, "HYBAS_ID": 4120881670, "SUB_AREA": 153.1, "UP_AREA": 445.4, "PFAF_ID": 452562040100, "source": "HydroBASINS v1c Asia level 12", "catchment_status": "candidate_point_matched" }, "geometry": { "type": "Polygon", "coordinates": [ [ [ 91.170833333333363, 26.34166666666669 ], [ 91.167375013563401, 26.342554050021722 ], [ 91.166099378797782, 26.352210489908877 ], [ 91.158795166015651, 26.360407850477451 ], [ 91.161932712131104, 26.364456176757834 ], [ 91.1625, 26.370833333333355 ], [ 91.163467746310801, 26.374603949652801 ], [ 91.168622843424515, 26.378599378797766 ], [ 91.174149237738746, 26.380017428927975 ], [ 91.175850762261319, 26.386649237738737 ], [ 91.182937282986146, 26.388467746310788 ], [ 91.18693271213111, 26.393622843424502 ], [ 91.188067287868961, 26.402210489908875 ], [ 91.191099378797773, 26.406122843424502 ], [ 91.192566257052988, 26.411838785807312 ], [ 91.2, 26.4125 ], [ 91.200642903645871, 26.410365125868079 ], [ 91.209118991427985, 26.400701226128493 ], [ 91.237821790907148, 26.399357096354187 ], [ 91.243698459201426, 26.403523763020857 ], [ 91.247968207465306, 26.404809570312523 ], [ 91.260365125868091, 26.416023763020856 ], [ 91.269819132487015, 26.417464531792557 ], [ 91.271476236979197, 26.422968207465299 ], [ 91.274357096354194, 26.427031792534745 ], [ 91.27564290364586, 26.436052110460093 ], [ 91.266681925455757, 26.438749864366343 ], [ 91.270190429687531, 26.443698459201411 ], [ 91.271871270073817, 26.449281141493078 ], [ 91.290891859266523, 26.450739203559049 ], [ 91.292309570312526, 26.464634874131967 ], [ 91.303523763020863, 26.477031792534746 ], [ 91.304809570312528, 26.481885443793427 ], [ 91.3, 26.483333333333356 ], [ 91.300771416558192, 26.49089525010853 ], [ 91.314634874131983, 26.492309570312521 ], [ 91.318698459201414, 26.495190429687522 ], [ 91.322968207465308, 26.496476236979191 ], [ 91.327031792534754, 26.499357096354188 ], [ 91.329166666666694, 26.5 ], [ 91.330017428927988, 26.496684095594642 ], [ 91.337103949652814, 26.494865587022591 ], [ 91.341099378797779, 26.489710489908877 ], [ 91.341666666666697, 26.483333333333356 ], [ 91.34583333333336, 26.483333333333356 ], [ 91.345480007595512, 26.480908881293423 ], [ 91.342019992404545, 26.477424452039955 ], [ 91.341666666666697, 26.470833333333356 ], [ 91.338394504123301, 26.470062594943599 ], [ 91.336970350477458, 26.465583631727455 ], [ 91.345445081922776, 26.45625949435766 ], [ 91.341184488932328, 26.450999281141517 ], [ 91.342613728841172, 26.446411471896724 ], [ 91.3541666666667, 26.445833333333354 ], [ 91.353480699327292, 26.43021477593318 ], [ 91.347865125868083, 26.428523763020856 ], [ 91.343801540798637, 26.425642903645855 ], [ 91.337411499023474, 26.423718939887173 ], [ 91.3464762369792, 26.413133748372417 ], [ 91.345190429687534, 26.410365125868079 ], [ 91.341023763020871, 26.404488457573805 ], [ 91.342376030815998, 26.384374321831618 ], [ 91.349984741210974, 26.382083468967036 ], [ 91.346439615885444, 26.377083333333356 ], [ 91.350250244140653, 26.371708848741342 ], [ 91.341666666666697, 26.370833333333355 ], [ 91.339456176757849, 26.370266045464433 ], [ 91.335543823242219, 26.367233954535614 ], [ 91.31788160536027, 26.366099378797763 ], [ 91.315503607855931, 26.375365871853319 ], [ 91.30637715657555, 26.367233954535614 ], [ 91.295086669921901, 26.366099378797763 ], [ 91.289583333333368, 26.370364718967036 ], [ 91.285543823242222, 26.367233954535614 ], [ 91.272789510091172, 26.366099378797763 ], [ 91.268877156575556, 26.363067287868944 ], [ 91.260289510091184, 26.361932712131097 ], [ 91.248043823242213, 26.350567287868945 ], [ 91.243622843424518, 26.349432712131097 ], [ 91.239710489908887, 26.346400621202278 ], [ 91.236753336588578, 26.345266045464431 ], [ 91.231377156575547, 26.349432712131097 ], [ 91.215920003255235, 26.350567287868945 ], [ 91.210543823242219, 26.346400621202278 ], [ 91.206122843424509, 26.345266045464431 ], [ 91.202210489908879, 26.342233954535612 ], [ 91.193622843424507, 26.341099378797765 ], [ 91.18971048990889, 26.338067287868945 ], [ 91.170833333333363, 26.3375 ], [ 91.170833333333363, 26.34166666666669 ] ] ] } },
{ "type": "Feature", "properties": { "station_id": "Barpeta Road Inv. WR Divn", "station_name": "Barpeta Road Inv. WR Divn ", "State": "Assam", "District": "BARPETA", "Latitude": 26.49222222, "Longitude": 90.96777778000001, "HYBAS_ID": 4120878440, "SUB_AREA": 133.0, "UP_AREA": 269.9, "PFAF_ID": 452562022210, "source": "HydroBASINS v1c Asia level 12", "catchment_status": "candidate_point_matched" }, "geometry": { "type": "Polygon", "coordinates": [ [ [ 91.025, 26.420833333333356 ], [ 91.0125, 26.420833333333356 ], [ 91.009176296658012, 26.421833970811655 ], [ 91.007690429687528, 26.429488457573807 ], [ 91.012777370876762, 26.436662801106792 ], [ 90.995199584960972, 26.438142903645854 ], [ 90.985468207465303, 26.429809570312521 ], [ 90.98008219401045, 26.428523763020856 ], [ 90.97852376302086, 26.443801540798635 ], [ 90.975023396809931, 26.448738267686654 ], [ 90.96869845920142, 26.450642903645857 ], [ 90.963761732313401, 26.454143269856793 ], [ 90.961857096354194, 26.460468207465301 ], [ 90.958976236979197, 26.464531792534746 ], [ 90.957690429687531, 26.4729682074653 ], [ 90.954809570312534, 26.477031792534746 ], [ 90.953523763020868, 26.486052110460093 ], [ 90.960468207465311, 26.488142903645855 ], [ 90.965659925672767, 26.491824001736134 ], [ 90.967309570312523, 26.50032179090714 ], [ 90.96314290364586, 26.506198459201411 ], [ 90.961857096354194, 26.518801540798634 ], [ 90.958976236979197, 26.52286512586808 ], [ 90.958333333333357, 26.52916666666669 ], [ 90.960543823242219, 26.529733954535615 ], [ 90.964456176757835, 26.532766045464435 ], [ 90.968877156575545, 26.533900621202278 ], [ 90.976956176757838, 26.541099378797767 ], [ 90.982937282986143, 26.542634412977453 ], [ 90.987031385633713, 26.547916666666691 ], [ 90.982766045464444, 26.553420003255233 ], [ 90.983900621202281, 26.556377156575543 ], [ 90.986932712131107, 26.56028951009117 ], [ 90.988123575846387, 26.582424248589433 ], [ 90.991666666666703, 26.583333333333357 ], [ 91.015885755750901, 26.582655504014781 ], [ 91.017309570312534, 26.568698459201414 ], [ 91.029809570312537, 26.554880438910615 ], [ 91.028523763020857, 26.547865125868078 ], [ 91.024357096354194, 26.541988457573808 ], [ 91.026332261827292, 26.538214111328148 ], [ 91.03333333333336, 26.5375 ], [ 91.035757785373292, 26.537146674262175 ], [ 91.039242214626768, 26.533686659071204 ], [ 91.0416666666667, 26.533333333333356 ], [ 91.042233954535618, 26.514456176757836 ], [ 91.046400621202281, 26.509079996744816 ], [ 91.045266045464444, 26.506122843424503 ], [ 91.042128499348991, 26.50207451714412 ], [ 91.049432712131107, 26.493877156575543 ], [ 91.050905693901939, 26.488137817382835 ], [ 91.069971042209232, 26.4868594699436 ], [ 91.071034749348996, 26.482114664713563 ], [ 91.067233954535624, 26.477210489908877 ], [ 91.066099378797773, 26.468622843424502 ], [ 91.063067287868961, 26.464710489908878 ], [ 91.06193271213111, 26.456122843424502 ], [ 91.058346557617213, 26.451495700412348 ], [ 91.064456176757844, 26.44640062120228 ], [ 91.069982571072075, 26.444982571072071 ], [ 91.070833333333368, 26.441666666666688 ], [ 91.075, 26.441666666666688 ], [ 91.074645996093778, 26.430882432725717 ], [ 91.060049777560792, 26.416313340928841 ], [ 91.051742214626771, 26.417019992404537 ], [ 91.048257785373295, 26.420480007595508 ], [ 91.035075547960105, 26.421186659071203 ], [ 91.03125, 26.424985419379361 ], [ 91.027424452039966, 26.421186659071203 ], [ 91.025, 26.420833333333356 ] ] ] } },
{ "type": "Feature", "properties": { "station_id": "Bhabanipur PHE", "station_name": "Bhabanipur PHE", "State": "Assam", "District": "BARPETA", "Latitude": 26.46527778, "Longitude": 91.06888889, "HYBAS_ID": 4120878300, "SUB_AREA": 215.6, "UP_AREA": 969.1, "PFAF_ID": 452562022300, "source": "HydroBASINS v1c Asia level 12", "catchment_status": "candidate_point_matched" }, "geometry": { "type": "Polygon", "coordinates": [ [ [ 91.1125, 26.441666666666688 ], [ 91.101742214626768, 26.442019992404536 ], [ 91.097916666666691, 26.445818752712697 ], [ 91.094091118706629, 26.442019992404536 ], [ 91.079166666666694, 26.441666666666688 ], [ 91.075, 26.441666666666688 ], [ 91.070833333333368, 26.441666666666688 ], [ 91.069982571072075, 26.444982571072071 ], [ 91.064456176757844, 26.44640062120228 ], [ 91.058346557617213, 26.451495700412348 ], [ 91.06193271213111, 26.456122843424502 ], [ 91.063067287868961, 26.464710489908878 ], [ 91.066099378797773, 26.468622843424502 ], [ 91.067233954535624, 26.477210489908877 ], [ 91.071034749348996, 26.482114664713563 ], [ 91.069971042209232, 26.4868594699436 ], [ 91.050905693901939, 26.488137817382835 ], [ 91.049432712131107, 26.493877156575543 ], [ 91.042128499348991, 26.50207451714412 ], [ 91.045266045464444, 26.506122843424503 ], [ 91.046400621202281, 26.509079996744816 ], [ 91.042233954535618, 26.514456176757836 ], [ 91.0416666666667, 26.533333333333356 ], [ 91.042284138997431, 26.535493638780405 ], [ 91.049382527669295, 26.543673027886307 ], [ 91.050993516710093, 26.549307929144987 ], [ 91.06882697211374, 26.550617472330753 ], [ 91.074068535698814, 26.554446750217039 ], [ 91.075617472330762, 26.562969292534746 ], [ 91.071450805664099, 26.568673027886309 ], [ 91.070215861002637, 26.585493638780406 ], [ 91.067284138997422, 26.589506361219641 ], [ 91.065872531467051, 26.599205864800371 ], [ 91.054861111111137, 26.600808715820335 ], [ 91.053549194335972, 26.621302625868079 ], [ 91.057715861002634, 26.627006361219642 ], [ 91.058950805664097, 26.638236829969642 ], [ 91.050617472330757, 26.647839694552975 ], [ 91.049231635199689, 26.657361518012177 ], [ 91.042593044704887, 26.659259711371551 ], [ 91.041049194335969, 26.664660305447072 ], [ 91.038117472330754, 26.66867302788631 ], [ 91.0375, 26.670833333333356 ], [ 91.052424452039958, 26.670480007595511 ], [ 91.060075547960096, 26.662853325737871 ], [ 91.064924452039961, 26.662146674262178 ], [ 91.069120279947953, 26.657980007595512 ], [ 91.073257785373301, 26.658686659071204 ], [ 91.076742214626762, 26.662146674262178 ], [ 91.1, 26.6625 ], [ 91.1, 26.658333333333356 ], [ 91.096547783745692, 26.657320149739608 ], [ 91.095202975802977, 26.641270277235268 ], [ 91.099369642469654, 26.635480753580755 ], [ 91.100690375434056, 26.613520304362002 ], [ 91.106314086914097, 26.611869642469642 ], [ 91.124098036024336, 26.595303344726588 ], [ 91.136744181315137, 26.596592203776066 ], [ 91.1375, 26.604166666666689 ], [ 91.141005452473991, 26.605066257052975 ], [ 91.142233954535627, 26.618877156575543 ], [ 91.145266045464439, 26.62278951009117 ], [ 91.146732923719654, 26.628505452473981 ], [ 91.154166666666697, 26.629166666666691 ], [ 91.16160040961374, 26.629827880859398 ], [ 91.163350762261317, 26.636649237738737 ], [ 91.168877156575547, 26.63806728786895 ], [ 91.176956176757841, 26.645266045464435 ], [ 91.1875, 26.645833333333357 ], [ 91.18693271213111, 26.639456176757836 ], [ 91.183900621202284, 26.635543823242212 ], [ 91.182766045464447, 26.62278951009117 ], [ 91.171400621202295, 26.61054382324221 ], [ 91.169982571072083, 26.605017428927976 ], [ 91.164456176757838, 26.603599378797767 ], [ 91.156377156575559, 26.596400621202282 ], [ 91.147789510091172, 26.595266045464435 ], [ 91.14375, 26.592135281033009 ], [ 91.138637288411488, 26.596097819010438 ], [ 91.1375, 26.59166666666669 ], [ 91.140815904405414, 26.590815904405407 ], [ 91.141666666666694, 26.5875 ], [ 91.142021348741352, 26.580881076388913 ], [ 91.151742214626765, 26.571186659071202 ], [ 91.169091118706632, 26.57048000759551 ], [ 91.17328694661461, 26.566313340928843 ], [ 91.189924452039961, 26.567019992404539 ], [ 91.193408881293436, 26.57048000759551 ], [ 91.195833333333368, 26.570833333333358 ], [ 91.195266045464436, 26.56028951009117 ], [ 91.183900621202284, 26.54804382324221 ], [ 91.182766045464447, 26.539456176757835 ], [ 91.175567287868958, 26.531377156575545 ], [ 91.174432712131107, 26.522789510091169 ], [ 91.170266045464444, 26.517413330078149 ], [ 91.171400621202295, 26.514456176757836 ], [ 91.175567287868958, 26.509079996744816 ], [ 91.17399325900611, 26.504977756076411 ], [ 91.16706271701392, 26.503198920355924 ], [ 91.163067287868955, 26.49804382324221 ], [ 91.161594306098124, 26.492304484049502 ], [ 91.142660522460972, 26.491034952799502 ], [ 91.133900621202287, 26.481377156575544 ], [ 91.132482571072075, 26.475850762261306 ], [ 91.125396050347248, 26.474032253689259 ], [ 91.121400621202284, 26.468877156575545 ], [ 91.120266045464447, 26.451956176757836 ], [ 91.117233954535621, 26.448043823242209 ], [ 91.115815904405409, 26.442517428927975 ], [ 91.1125, 26.441666666666688 ] ] ] } },
{ "type": "Feature", "properties": { "station_id": "Saudatari v/d Compound", "station_name": "Saudatari v/d Compound", "State": "Assam", "District": "BARPETA", "Latitude": 26.58230278, "Longitude": 91.09580278, "HYBAS_ID": 4120878300, "SUB_AREA": 215.6, "UP_AREA": 969.1, "PFAF_ID": 452562022300, "source": "HydroBASINS v1c Asia level 12", "catchment_status": "candidate_point_matched" }, "geometry": { "type": "Polygon", "coordinates": [ [ [ 91.1125, 26.441666666666688 ], [ 91.101742214626768, 26.442019992404536 ], [ 91.097916666666691, 26.445818752712697 ], [ 91.094091118706629, 26.442019992404536 ], [ 91.079166666666694, 26.441666666666688 ], [ 91.075, 26.441666666666688 ], [ 91.070833333333368, 26.441666666666688 ], [ 91.069982571072075, 26.444982571072071 ], [ 91.064456176757844, 26.44640062120228 ], [ 91.058346557617213, 26.451495700412348 ], [ 91.06193271213111, 26.456122843424502 ], [ 91.063067287868961, 26.464710489908878 ], [ 91.066099378797773, 26.468622843424502 ], [ 91.067233954535624, 26.477210489908877 ], [ 91.071034749348996, 26.482114664713563 ], [ 91.069971042209232, 26.4868594699436 ], [ 91.050905693901939, 26.488137817382835 ], [ 91.049432712131107, 26.493877156575543 ], [ 91.042128499348991, 26.50207451714412 ], [ 91.045266045464444, 26.506122843424503 ], [ 91.046400621202281, 26.509079996744816 ], [ 91.042233954535618, 26.514456176757836 ], [ 91.0416666666667, 26.533333333333356 ], [ 91.042284138997431, 26.535493638780405 ], [ 91.049382527669295, 26.543673027886307 ], [ 91.050993516710093, 26.549307929144987 ], [ 91.06882697211374, 26.550617472330753 ], [ 91.074068535698814, 26.554446750217039 ], [ 91.075617472330762, 26.562969292534746 ], [ 91.071450805664099, 26.568673027886309 ], [ 91.070215861002637, 26.585493638780406 ], [ 91.067284138997422, 26.589506361219641 ], [ 91.065872531467051, 26.599205864800371 ], [ 91.054861111111137, 26.600808715820335 ], [ 91.053549194335972, 26.621302625868079 ], [ 91.057715861002634, 26.627006361219642 ], [ 91.058950805664097, 26.638236829969642 ], [ 91.050617472330757, 26.647839694552975 ], [ 91.049231635199689, 26.657361518012177 ], [ 91.042593044704887, 26.659259711371551 ], [ 91.041049194335969, 26.664660305447072 ], [ 91.038117472330754, 26.66867302788631 ], [ 91.0375, 26.670833333333356 ], [ 91.052424452039958, 26.670480007595511 ], [ 91.060075547960096, 26.662853325737871 ], [ 91.064924452039961, 26.662146674262178 ], [ 91.069120279947953, 26.657980007595512 ], [ 91.073257785373301, 26.658686659071204 ], [ 91.076742214626762, 26.662146674262178 ], [ 91.1, 26.6625 ], [ 91.1, 26.658333333333356 ], [ 91.096547783745692, 26.657320149739608 ], [ 91.095202975802977, 26.641270277235268 ], [ 91.099369642469654, 26.635480753580755 ], [ 91.100690375434056, 26.613520304362002 ], [ 91.106314086914097, 26.611869642469642 ], [ 91.124098036024336, 26.595303344726588 ], [ 91.136744181315137, 26.596592203776066 ], [ 91.1375, 26.604166666666689 ], [ 91.141005452473991, 26.605066257052975 ], [ 91.142233954535627, 26.618877156575543 ], [ 91.145266045464439, 26.62278951009117 ], [ 91.146732923719654, 26.628505452473981 ], [ 91.154166666666697, 26.629166666666691 ], [ 91.16160040961374, 26.629827880859398 ], [ 91.163350762261317, 26.636649237738737 ], [ 91.168877156575547, 26.63806728786895 ], [ 91.176956176757841, 26.645266045464435 ], [ 91.1875, 26.645833333333357 ], [ 91.18693271213111, 26.639456176757836 ], [ 91.183900621202284, 26.635543823242212 ], [ 91.182766045464447, 26.62278951009117 ], [ 91.171400621202295, 26.61054382324221 ], [ 91.169982571072083, 26.605017428927976 ], [ 91.164456176757838, 26.603599378797767 ], [ 91.156377156575559, 26.596400621202282 ], [ 91.147789510091172, 26.595266045464435 ], [ 91.14375, 26.592135281033009 ], [ 91.138637288411488, 26.596097819010438 ], [ 91.1375, 26.59166666666669 ], [ 91.140815904405414, 26.590815904405407 ], [ 91.141666666666694, 26.5875 ], [ 91.142021348741352, 26.580881076388913 ], [ 91.151742214626765, 26.571186659071202 ], [ 91.169091118706632, 26.57048000759551 ], [ 91.17328694661461, 26.566313340928843 ], [ 91.189924452039961, 26.567019992404539 ], [ 91.193408881293436, 26.57048000759551 ], [ 91.195833333333368, 26.570833333333358 ], [ 91.195266045464436, 26.56028951009117 ], [ 91.183900621202284, 26.54804382324221 ], [ 91.182766045464447, 26.539456176757835 ], [ 91.175567287868958, 26.531377156575545 ], [ 91.174432712131107, 26.522789510091169 ], [ 91.170266045464444, 26.517413330078149 ], [ 91.171400621202295, 26.514456176757836 ], [ 91.175567287868958, 26.509079996744816 ], [ 91.17399325900611, 26.504977756076411 ], [ 91.16706271701392, 26.503198920355924 ], [ 91.163067287868955, 26.49804382324221 ], [ 91.161594306098124, 26.492304484049502 ], [ 91.142660522460972, 26.491034952799502 ], [ 91.133900621202287, 26.481377156575544 ], [ 91.132482571072075, 26.475850762261306 ], [ 91.125396050347248, 26.474032253689259 ], [ 91.121400621202284, 26.468877156575545 ], [ 91.120266045464447, 26.451956176757836 ], [ 91.117233954535621, 26.448043823242209 ], [ 91.115815904405409, 26.442517428927975 ], [ 91.1125, 26.441666666666688 ] ] ] } },
{ "type": "Feature", "properties": { "station_id": "Deosri F Vill", "station_name": "Deosri F Vill", "State": "Assam", "District": "Chirang", "Latitude": 26.77976389, "Longitude": 90.46309722, "HYBAS_ID": 4120870180, "SUB_AREA": 38.5, "UP_AREA": 1057.6, "PFAF_ID": 452550693000, "source": "HydroBASINS v1c Asia level 12", "catchment_status": "candidate_point_matched" }, "geometry": { "type": "Polygon", "coordinates": [ [ [ 90.483333333333363, 26.704166666666691 ], [ 90.479166666666686, 26.704166666666691 ], [ 90.475607469346812, 26.705080159505233 ], [ 90.475, 26.72083333333336 ], [ 90.474646674262175, 26.723257785373288 ], [ 90.471186659071208, 26.726742214626761 ], [ 90.470480007595512, 26.735757785373288 ], [ 90.467019992404545, 26.73924221462676 ], [ 90.466313340928849, 26.764924452039956 ], [ 90.462853325737868, 26.768408881293428 ], [ 90.462146674262172, 26.798257785373288 ], [ 90.458686659071205, 26.80174221462676 ], [ 90.457980007595509, 26.810757785373291 ], [ 90.454519992404542, 26.814242214626763 ], [ 90.454166666666694, 26.833333333333357 ], [ 90.465660773383277, 26.832714843750026 ], [ 90.474432712131104, 26.823043823242212 ], [ 90.475850931803407, 26.817517428927978 ], [ 90.481377156575547, 26.81609937879777 ], [ 90.485289510091178, 26.81306728786895 ], [ 90.4875, 26.8125 ], [ 90.491666666666688, 26.8125 ], [ 90.492277187771293, 26.805103556315128 ], [ 90.496832614474854, 26.803684488932316 ], [ 90.501918368869383, 26.807803683810789 ], [ 90.504166666666691, 26.808333333333358 ], [ 90.503813340928843, 26.805908881293426 ], [ 90.500353325737876, 26.802424452039958 ], [ 90.499646674262181, 26.793408881293427 ], [ 90.496186659071213, 26.789924452039955 ], [ 90.495480007595518, 26.776742214626761 ], [ 90.491313340928841, 26.772546386718776 ], [ 90.492019992404536, 26.764242214626762 ], [ 90.495480007595518, 26.76075778537329 ], [ 90.495833333333366, 26.745833333333358 ], [ 90.495480007595518, 26.718408881293428 ], [ 90.492019992404536, 26.714924452039956 ], [ 90.49130859375002, 26.710042995876762 ], [ 90.485757785373295, 26.704519992404538 ], [ 90.483333333333363, 26.704166666666691 ] ] ] } },
{ "type": "Feature", "properties": { "station_id": "Patacharkuchi PWD", "station_name": "Patacharkuchi PWD", "State": "Assam", "District": "BARPETA", "Latitude": 26.50704444, "Longitude": 91.23466111, "HYBAS_ID": 4121483990, "SUB_AREA": 117.6, "UP_AREA": 461.8, "PFAF_ID": 452562023200, "source": "HydroBASINS v1c Asia level 12", "catchment_status": "candidate_point_matched" }, "geometry": { "type": "Polygon", "coordinates": [ [ [ 91.1875, 26.4375 ], [ 91.18693271213111, 26.460543823242212 ], [ 91.183900621202284, 26.464456176757835 ], [ 91.182766045464447, 26.477951727973114 ], [ 91.18971048990889, 26.479733954535611 ], [ 91.203263007269996, 26.492312282986134 ], [ 91.204733954535627, 26.49804382324221 ], [ 91.207871500651066, 26.502092149522593 ], [ 91.20056728786895, 26.51028951009117 ], [ 91.199432712131113, 26.519618394639778 ], [ 91.206377156575556, 26.521400621202279 ], [ 91.211904229058192, 26.52601013183596 ], [ 91.2125, 26.545833333333356 ], [ 91.214634874131974, 26.546476236979188 ], [ 91.220511542426252, 26.550642903645858 ], [ 91.245055813259583, 26.549287923177108 ], [ 91.245833333333366, 26.541666666666689 ], [ 91.246400621202284, 26.539456176757835 ], [ 91.24943271213111, 26.535543823242211 ], [ 91.250708346896729, 26.525887383355059 ], [ 91.257482571072075, 26.52414923773874 ], [ 91.258900621202287, 26.518622843424502 ], [ 91.270266045464439, 26.506377156575542 ], [ 91.271449449327292, 26.480034383138044 ], [ 91.276218668619819, 26.478965250651065 ], [ 91.281122843424512, 26.482766045464434 ], [ 91.3, 26.483333333333356 ], [ 91.304809570312528, 26.481885443793427 ], [ 91.303523763020863, 26.477031792534746 ], [ 91.292309570312526, 26.464634874131967 ], [ 91.290891859266523, 26.450739203559049 ], [ 91.271871270073817, 26.449281141493078 ], [ 91.270190429687531, 26.443698459201411 ], [ 91.266681925455757, 26.438749864366343 ], [ 91.27564290364586, 26.436052110460093 ], [ 91.274357096354194, 26.427031792534745 ], [ 91.271476236979197, 26.422968207465299 ], [ 91.269819132487015, 26.417464531792557 ], [ 91.260365125868091, 26.416023763020856 ], [ 91.247968207465306, 26.404809570312523 ], [ 91.243698459201426, 26.403523763020857 ], [ 91.237821790907148, 26.399357096354187 ], [ 91.209118991427985, 26.400701226128493 ], [ 91.200642903645871, 26.410365125868079 ], [ 91.2, 26.4125 ], [ 91.200353325737879, 26.419091118706618 ], [ 91.204152425130246, 26.42291700575089 ], [ 91.198290337456626, 26.428808593750023 ], [ 91.193408881293436, 26.429519992404536 ], [ 91.187858072916697, 26.43504299587676 ], [ 91.1875, 26.4375 ] ] ] } },
{ "type": "Feature", "properties": { "station_id": "Mathanguri", "station_name": "Mathanguri", "State": "Assam", "District": "Baksa", "Latitude": 26.78089722, "Longitude": 90.95995278, "HYBAS_ID": 4121480540, "SUB_AREA": 140.6, "UP_AREA": 28684.5, "PFAF_ID": 452563000320, "source": "HydroBASINS v1c Asia level 12", "catchment_status": "candidate_point_matched" }, "geometry": { "type": "Polygon", "coordinates": [ [ [ 90.95, 26.8375 ], [ 90.954166666666694, 26.8375 ], [ 90.956591118706626, 26.837146674262179 ], [ 90.960075547960102, 26.833686659071205 ], [ 90.964924452039966, 26.832980007595513 ], [ 90.972575547960105, 26.825353325737872 ], [ 90.9875, 26.825 ], [ 90.9875, 26.820833333333358 ], [ 90.986649237738746, 26.817517428927978 ], [ 90.980017428927979, 26.815815904405408 ], [ 90.978599378797767, 26.81028951009117 ], [ 90.975567287868955, 26.806377156575547 ], [ 90.974432712131104, 26.797789510091171 ], [ 90.971400621202292, 26.793877156575547 ], [ 90.970129055447075, 26.784252929687526 ], [ 90.964710489908882, 26.779733954535615 ], [ 90.960289510091172, 26.778599378797768 ], [ 90.956377156575556, 26.775567287868949 ], [ 90.950623575846379, 26.774090915256103 ], [ 90.95, 26.7625 ], [ 90.949432712131113, 26.756122843424503 ], [ 90.938067287868947, 26.743877156575547 ], [ 90.93693271213111, 26.722789510091172 ], [ 90.933900621202284, 26.718877156575545 ], [ 90.932429673936667, 26.713145616319469 ], [ 90.918877156575547, 26.70056728786895 ], [ 90.914456176757838, 26.699432712131102 ], [ 90.909470621744816, 26.695568847656276 ], [ 90.90833333333336, 26.7 ], [ 90.904166666666697, 26.7 ], [ 90.903813340928849, 26.702424452039956 ], [ 90.900353325737882, 26.705908881293428 ], [ 90.899646674262186, 26.714924452039956 ], [ 90.894123670789966, 26.720475260416691 ], [ 90.889242214626762, 26.721186659071204 ], [ 90.877424452039961, 26.732980007595511 ], [ 90.872575547960096, 26.733686659071203 ], [ 90.850354003906276, 26.755883110894121 ], [ 90.849646674262175, 26.785757785373288 ], [ 90.846186659071208, 26.789242214626761 ], [ 90.845480007595512, 26.806591118706621 ], [ 90.831621127658451, 26.820475599500895 ], [ 90.829166666666694, 26.820833333333358 ], [ 90.828813340928846, 26.82325778537329 ], [ 90.825353325737879, 26.826742214626762 ], [ 90.825, 26.829166666666691 ], [ 90.8253580729167, 26.831623670789956 ], [ 90.831618923611146, 26.837853325737871 ], [ 90.852424452039955, 26.837146674262179 ], [ 90.855908881293431, 26.833686659071205 ], [ 90.881591118706623, 26.832980007595513 ], [ 90.885786946614616, 26.828813340928846 ], [ 90.927424452039958, 26.829519992404538 ], [ 90.930908881293433, 26.832980007595513 ], [ 90.935757785373298, 26.833686659071205 ], [ 90.939242214626759, 26.837146674262179 ], [ 90.95, 26.8375 ] ] ] } },
{ "type": "Feature", "properties": { "station_id": "Hatisar F. Vill", "station_name": "Hatisar F. Vill", "State": "Assam", "District": "Chirang", "Latitude": 26.84343333, "Longitude": 90.494925, "HYBAS_ID": 4120866780, "SUB_AREA": 137.9, "UP_AREA": 878.2, "PFAF_ID": 452550695000, "source": "HydroBASINS v1c Asia level 12", "catchment_status": "candidate_point_matched" }, "geometry": { "type": "Polygon", "coordinates": [ [ [ 90.51313018798831, 26.847980753580757 ], [ 90.511869812011739, 26.839519246419297 ], [ 90.508963521321647, 26.835480753580754 ], [ 90.507550218370255, 26.825992838541691 ], [ 90.50201907687719, 26.824369642469645 ], [ 90.49381425645619, 26.817297024197075 ], [ 90.491666666666688, 26.816666666666691 ], [ 90.48835093180341, 26.815815904405408 ], [ 90.4875, 26.8125 ], [ 90.485289510091178, 26.81306728786895 ], [ 90.481377156575547, 26.81609937879777 ], [ 90.475850931803407, 26.817517428927978 ], [ 90.474432712131104, 26.823043823242212 ], [ 90.465660773383277, 26.832714843750026 ], [ 90.454166666666694, 26.833333333333357 ], [ 90.450850931803416, 26.834184095594644 ], [ 90.449432712131099, 26.839710489908882 ], [ 90.446400621202287, 26.843622843424505 ], [ 90.445266045464436, 26.848043823242215 ], [ 90.436932712131096, 26.857396104600721 ], [ 90.438067287868947, 26.87721048990888 ], [ 90.441099378797773, 26.881122843424507 ], [ 90.44223395453561, 26.935543823242213 ], [ 90.445266045464436, 26.93945617675784 ], [ 90.446684265136739, 26.944982571072075 ], [ 90.45, 26.945833333333361 ], [ 90.460757785373289, 26.945480007595513 ], [ 90.464953782823372, 26.941313340928847 ], [ 90.481591118706618, 26.942019992404539 ], [ 90.485075547960093, 26.945480007595513 ], [ 90.489924452039958, 26.946186659071206 ], [ 90.493408881293433, 26.94964667426218 ], [ 90.508333333333354, 26.95 ], [ 90.508333333333354, 26.954166666666694 ], [ 90.5125, 26.954166666666694 ], [ 90.51581573486331, 26.953315904405407 ], [ 90.516666666666694, 26.95 ], [ 90.5125, 26.95 ], [ 90.513350931803416, 26.946684095594645 ], [ 90.516666666666694, 26.945833333333361 ], [ 90.516666666666694, 26.95 ], [ 90.520833333333357, 26.95 ], [ 90.531377156575545, 26.949432712131102 ], [ 90.536753336588575, 26.945266045464436 ], [ 90.54804382324221, 26.946400621202283 ], [ 90.551956176757841, 26.949432712131102 ], [ 90.55637715657555, 26.95056728786895 ], [ 90.560289510091167, 26.953599378797769 ], [ 90.565958150227885, 26.955054050021729 ], [ 90.567369588216167, 26.965737575954886 ], [ 90.578207058376762, 26.975567287868952 ], [ 90.585543823242219, 26.974432712131104 ], [ 90.589456176757835, 26.971400621202285 ], [ 90.591666666666697, 26.97083333333336 ], [ 90.591036478678419, 26.964519246419297 ], [ 90.583963521321635, 26.956314086914091 ], [ 90.582703145345079, 26.947852579752631 ], [ 90.579796854654973, 26.943814086914088 ], [ 90.578482564290397, 26.913266330295166 ], [ 90.566085815429716, 26.912002563476587 ], [ 90.558729553222676, 26.917297024197076 ], [ 90.556185743543864, 26.91603630913631 ], [ 90.552147589789527, 26.913130357530409 ], [ 90.546778700086833, 26.911554633246553 ], [ 90.545203145345084, 26.906185913085963 ], [ 90.542296854654978, 26.902147420247424 ], [ 90.541036478678407, 26.89785257975263 ], [ 90.538130187988301, 26.893814086914087 ], [ 90.536869812011744, 26.889519246419297 ], [ 90.525630187988313, 26.877147420247422 ], [ 90.524369812011741, 26.872852579752632 ], [ 90.521463521321635, 26.868814086914089 ], [ 90.520203145345079, 26.860352579752629 ], [ 90.517296854654973, 26.85631408691409 ], [ 90.516036478678416, 26.852019246419296 ], [ 90.51313018798831, 26.847980753580757 ] ] ] } },
{ "type": "Feature", "properties": { "station_id": "Kachugaon", "station_name": "Kachugaon", "State": "Assam", "District": "KOKRAJHAR", "Latitude": 26.57998889, "Longitude": 91.06064167, "HYBAS_ID": 4121482640, "SUB_AREA": 136.9, "UP_AREA": 136.9, "PFAF_ID": 452562022220, "source": "HydroBASINS v1c Asia level 12", "catchment_status": "candidate_point_matched" }, "geometry": { "type": "Polygon", "coordinates": [ [ [ 91.03333333333336, 26.5375 ], [ 91.026332261827292, 26.538214111328148 ], [ 91.024357096354194, 26.541988457573808 ], [ 91.028523763020857, 26.547865125868078 ], [ 91.029809570312537, 26.554880438910615 ], [ 91.017309570312534, 26.568698459201414 ], [ 91.015885755750901, 26.582655504014781 ], [ 90.991666666666703, 26.583333333333357 ], [ 90.990815904405409, 26.58664923773874 ], [ 90.985289510091178, 26.588067287868945 ], [ 90.979789225260447, 26.592654418945337 ], [ 90.978599378797767, 26.613488091362871 ], [ 90.99109937879777, 26.626956176757837 ], [ 90.992233954535621, 26.638246663411483 ], [ 90.987968614366352, 26.64375 ], [ 90.992062717013923, 26.64903225368926 ], [ 90.999356757269993, 26.650904337565127 ], [ 91.000567287868961, 26.667654758029538 ], [ 90.988067287868958, 26.681122843424504 ], [ 90.986932712131107, 26.706377156575545 ], [ 90.983900621202281, 26.710289510091169 ], [ 90.982766045464444, 26.718877156575545 ], [ 90.979733954535618, 26.722789510091172 ], [ 90.978599378797767, 26.729913330078148 ], [ 90.982864718967051, 26.735416666666691 ], [ 90.979733954535618, 26.739456176757837 ], [ 90.978599378797767, 26.750937228732663 ], [ 90.986932712131107, 26.76028951009117 ], [ 90.988067287868958, 26.777210489908878 ], [ 90.99943271213111, 26.789456176757838 ], [ 91.0, 26.8 ], [ 90.999646674262181, 26.814924452039957 ], [ 90.99412027994795, 26.820478312174505 ], [ 90.9875, 26.820833333333358 ], [ 90.9875, 26.825 ], [ 90.989924452039958, 26.825353325737872 ], [ 90.993408881293433, 26.828813340928846 ], [ 90.995833333333366, 26.829166666666691 ], [ 91.0, 26.829166666666691 ], [ 91.000353325737876, 26.826742214626762 ], [ 91.003813340928843, 26.82325778537329 ], [ 91.004166666666691, 26.816666666666691 ], [ 91.004166666666691, 26.78333333333336 ], [ 91.007482571072075, 26.782482571072073 ], [ 91.008900621202287, 26.776956176757839 ], [ 91.016099378797776, 26.768877156575545 ], [ 91.017517428927988, 26.763350762261311 ], [ 91.025567287868952, 26.761285061306449 ], [ 91.024432712131102, 26.739456176757837 ], [ 91.021400621202289, 26.73554382324221 ], [ 91.020266045464439, 26.726956176757838 ], [ 91.016099378797776, 26.721579996744815 ], [ 91.01740553114152, 26.713379584418426 ], [ 91.024291653103333, 26.711612616644992 ], [ 91.025567287868952, 26.701956176757836 ], [ 91.032766045464442, 26.693877156575546 ], [ 91.033900621202292, 26.676956176757837 ], [ 91.036932712131104, 26.67304382324221 ], [ 91.0375, 26.670833333333356 ], [ 91.038117472330754, 26.66867302788631 ], [ 91.041049194335969, 26.664660305447072 ], [ 91.042593044704887, 26.659259711371551 ], [ 91.049231635199689, 26.657361518012177 ], [ 91.050617472330757, 26.647839694552975 ], [ 91.058950805664097, 26.638236829969642 ], [ 91.057715861002634, 26.627006361219642 ], [ 91.053549194335972, 26.621302625868079 ], [ 91.054861111111137, 26.600808715820335 ], [ 91.065872531467051, 26.599205864800371 ], [ 91.067284138997422, 26.589506361219641 ], [ 91.070215861002637, 26.585493638780406 ], [ 91.071450805664099, 26.568673027886309 ], [ 91.075617472330762, 26.562969292534746 ], [ 91.074068535698814, 26.554446750217039 ], [ 91.06882697211374, 26.550617472330753 ], [ 91.050993516710093, 26.549307929144987 ], [ 91.049382527669295, 26.543673027886307 ], [ 91.042284138997431, 26.535493638780405 ], [ 91.0416666666667, 26.533333333333356 ], [ 91.039242214626768, 26.533686659071204 ], [ 91.035757785373292, 26.537146674262175 ], [ 91.03333333333336, 26.5375 ] ] ] } },
{ "type": "Feature", "properties": { "station_id": "Basbari E&D Colony", "station_name": "Basbari E&D Colony", "State": "Assam", "District": "Baksa", "Latitude": 26.60388889, "Longitude": 90.995, "HYBAS_ID": 4121482640, "SUB_AREA": 136.9, "UP_AREA": 136.9, "PFAF_ID": 452562022220, "source": "HydroBASINS v1c Asia level 12", "catchment_status": "candidate_point_matched" }, "geometry": { "type": "Polygon", "coordinates": [ [ [ 91.03333333333336, 26.5375 ], [ 91.026332261827292, 26.538214111328148 ], [ 91.024357096354194, 26.541988457573808 ], [ 91.028523763020857, 26.547865125868078 ], [ 91.029809570312537, 26.554880438910615 ], [ 91.017309570312534, 26.568698459201414 ], [ 91.015885755750901, 26.582655504014781 ], [ 90.991666666666703, 26.583333333333357 ], [ 90.990815904405409, 26.58664923773874 ], [ 90.985289510091178, 26.588067287868945 ], [ 90.979789225260447, 26.592654418945337 ], [ 90.978599378797767, 26.613488091362871 ], [ 90.99109937879777, 26.626956176757837 ], [ 90.992233954535621, 26.638246663411483 ], [ 90.987968614366352, 26.64375 ], [ 90.992062717013923, 26.64903225368926 ], [ 90.999356757269993, 26.650904337565127 ], [ 91.000567287868961, 26.667654758029538 ], [ 90.988067287868958, 26.681122843424504 ], [ 90.986932712131107, 26.706377156575545 ], [ 90.983900621202281, 26.710289510091169 ], [ 90.982766045464444, 26.718877156575545 ], [ 90.979733954535618, 26.722789510091172 ], [ 90.978599378797767, 26.729913330078148 ], [ 90.982864718967051, 26.735416666666691 ], [ 90.979733954535618, 26.739456176757837 ], [ 90.978599378797767, 26.750937228732663 ], [ 90.986932712131107, 26.76028951009117 ], [ 90.988067287868958, 26.777210489908878 ], [ 90.99943271213111, 26.789456176757838 ], [ 91.0, 26.8 ], [ 90.999646674262181, 26.814924452039957 ], [ 90.99412027994795, 26.820478312174505 ], [ 90.9875, 26.820833333333358 ], [ 90.9875, 26.825 ], [ 90.989924452039958, 26.825353325737872 ], [ 90.993408881293433, 26.828813340928846 ], [ 90.995833333333366, 26.829166666666691 ], [ 91.0, 26.829166666666691 ], [ 91.000353325737876, 26.826742214626762 ], [ 91.003813340928843, 26.82325778537329 ], [ 91.004166666666691, 26.816666666666691 ], [ 91.004166666666691, 26.78333333333336 ], [ 91.007482571072075, 26.782482571072073 ], [ 91.008900621202287, 26.776956176757839 ], [ 91.016099378797776, 26.768877156575545 ], [ 91.017517428927988, 26.763350762261311 ], [ 91.025567287868952, 26.761285061306449 ], [ 91.024432712131102, 26.739456176757837 ], [ 91.021400621202289, 26.73554382324221 ], [ 91.020266045464439, 26.726956176757838 ], [ 91.016099378797776, 26.721579996744815 ], [ 91.01740553114152, 26.713379584418426 ], [ 91.024291653103333, 26.711612616644992 ], [ 91.025567287868952, 26.701956176757836 ], [ 91.032766045464442, 26.693877156575546 ], [ 91.033900621202292, 26.676956176757837 ], [ 91.036932712131104, 26.67304382324221 ], [ 91.0375, 26.670833333333356 ], [ 91.038117472330754, 26.66867302788631 ], [ 91.041049194335969, 26.664660305447072 ], [ 91.042593044704887, 26.659259711371551 ], [ 91.049231635199689, 26.657361518012177 ], [ 91.050617472330757, 26.647839694552975 ], [ 91.058950805664097, 26.638236829969642 ], [ 91.057715861002634, 26.627006361219642 ], [ 91.053549194335972, 26.621302625868079 ], [ 91.054861111111137, 26.600808715820335 ], [ 91.065872531467051, 26.599205864800371 ], [ 91.067284138997422, 26.589506361219641 ], [ 91.070215861002637, 26.585493638780406 ], [ 91.071450805664099, 26.568673027886309 ], [ 91.075617472330762, 26.562969292534746 ], [ 91.074068535698814, 26.554446750217039 ], [ 91.06882697211374, 26.550617472330753 ], [ 91.050993516710093, 26.549307929144987 ], [ 91.049382527669295, 26.543673027886307 ], [ 91.042284138997431, 26.535493638780405 ], [ 91.0416666666667, 26.533333333333356 ], [ 91.039242214626768, 26.533686659071204 ], [ 91.035757785373292, 26.537146674262175 ], [ 91.03333333333336, 26.5375 ] ] ] } },
{ "type": "Feature", "properties": { "station_id": "Kulsi Forest Office", "station_name": "Kulsi Forest Office", "State": "Assam", "District": "KAMRUP", "Latitude": 25.96760833, "Longitude": 91.42063889000001, "HYBAS_ID": 4120891530, "SUB_AREA": 139.9, "UP_AREA": 1802.3, "PFAF_ID": 452570023000, "source": "HydroBASINS v1c Asia level 12", "catchment_status": "candidate_point_matched" }, "geometry": { "type": "Polygon", "coordinates": [ [ [ 91.34583333333336, 25.8375 ], [ 91.34583333333336, 25.841666666666701 ], [ 91.34583333333336, 25.845833333333367 ], [ 91.349343872070349, 25.846734280056456 ], [ 91.350567287868955, 25.861285061306457 ], [ 91.343622843424512, 25.863067287868958 ], [ 91.338155788845512, 25.867626444498732 ], [ 91.336932712131116, 25.881377156575553 ], [ 91.333793131510447, 25.885428025987448 ], [ 91.345266045464442, 25.897789510091179 ], [ 91.34583333333336, 25.904166666666701 ], [ 91.368826972113752, 25.904784138997414 ], [ 91.372839694552979, 25.907715861002622 ], [ 91.386696709526944, 25.909068467881962 ], [ 91.39521586100264, 25.918673027886303 ], [ 91.396450805664102, 25.931326972113734 ], [ 91.399382527669303, 25.935339694552969 ], [ 91.400617472330765, 25.939660305447067 ], [ 91.404784138997428, 25.94536404079863 ], [ 91.403549194335966, 25.956326972113736 ], [ 91.399382527669303, 25.962030707465296 ], [ 91.400617472330765, 25.964660305447069 ], [ 91.403549194335966, 25.968673027886304 ], [ 91.404784138997428, 25.972993638780402 ], [ 91.407715861002643, 25.977006361219637 ], [ 91.408950805664091, 25.981326972113735 ], [ 91.411882527669306, 25.98533969455297 ], [ 91.413294135199692, 25.9950391981337 ], [ 91.425617472330757, 25.996832953559046 ], [ 91.424290296766529, 26.011511569552969 ], [ 91.416049194335969, 26.013867865668423 ], [ 91.417284138997431, 26.018826972113736 ], [ 91.420215861002632, 26.022839694552971 ], [ 91.421568806966178, 26.036700100368943 ], [ 91.427006361219654, 26.041049194335958 ], [ 91.445833333333368, 26.041666666666686 ], [ 91.445833333333368, 26.045833333333352 ], [ 91.45, 26.045833333333352 ], [ 91.454166666666694, 26.045833333333352 ], [ 91.454733954535627, 26.031122843424498 ], [ 91.457766045464439, 26.027210489908875 ], [ 91.458900621202289, 26.018622843424499 ], [ 91.461932712131116, 26.014710489908872 ], [ 91.463208346896735, 26.00505405002172 ], [ 91.471199205186664, 26.003003607855923 ], [ 91.463067287868952, 25.99387715657554 ], [ 91.461580403645868, 25.988082885742205 ], [ 91.452210489908893, 25.979733954535611 ], [ 91.446229383680588, 25.978198920355922 ], [ 91.442233954535624, 25.973043823242207 ], [ 91.441666666666706, 25.970833333333353 ], [ 91.435339694552979, 25.970215691460538 ], [ 91.425895182291697, 25.962019856770869 ], [ 91.424382527669309, 25.953697543674078 ], [ 91.428549194335972, 25.947993469238316 ], [ 91.429784138997434, 25.940860324435796 ], [ 91.417284138997431, 25.927160135904984 ], [ 91.416049194335969, 25.922839864095085 ], [ 91.413117472330768, 25.918826802571648 ], [ 91.411882527669306, 25.91619754367408 ], [ 91.416049194335969, 25.910493469238315 ], [ 91.417476060655417, 25.900688001844653 ], [ 91.439660305447077, 25.899382358127205 ], [ 91.465911526150208, 25.874213155110709 ], [ 91.467284138997428, 25.862030877007413 ], [ 91.463117472330765, 25.856326802571648 ], [ 91.461731635199683, 25.846804979112449 ], [ 91.456173027886322, 25.845215691460538 ], [ 91.45216030544708, 25.842284308539529 ], [ 91.45, 25.841666666666701 ], [ 91.431122843424518, 25.842233954535622 ], [ 91.426137288411496, 25.84609798855255 ], [ 91.424432712131107, 25.839456176757846 ], [ 91.419873385959235, 25.833989291720954 ], [ 91.406122843424512, 25.832766045464442 ], [ 91.402210489908882, 25.829733954535623 ], [ 91.389456176757847, 25.828599378797776 ], [ 91.385543823242216, 25.825567287868957 ], [ 91.374253336588581, 25.824432712131109 ], [ 91.36887715657555, 25.828599378797776 ], [ 91.350905693901936, 25.829804314507413 ], [ 91.349149237738743, 25.83664906819665 ], [ 91.34583333333336, 25.8375 ] ] ] } },
{ "type": "Feature", "properties": { "station_id": "Pandu R/G Site", "station_name": "Pandu R/G Site", "State": "Assam", "District": "Kamrup Metropolitan", "Latitude": 26.16739444, "Longitude": 91.67155556, "HYBAS_ID": 4120888190, "SUB_AREA": 206.5, "UP_AREA": 413688.4, "PFAF_ID": 452570070300, "source": "HydroBASINS v1c Asia level 12", "catchment_status": "candidate_point_matched" }, "geometry": { "type": "Polygon", "coordinates": [ [ [ 91.55, 26.15 ], [ 91.542566257052982, 26.150661214192727 ], [ 91.5416666666667, 26.154166666666686 ], [ 91.5375, 26.154166666666686 ], [ 91.537146674262189, 26.156591118706618 ], [ 91.533347913954032, 26.160416666666688 ], [ 91.537146674262189, 26.164242214626757 ], [ 91.5375, 26.175 ], [ 91.53962232801652, 26.175655449761305 ], [ 91.544884914822077, 26.179331461588561 ], [ 91.546693589952298, 26.190936957465297 ], [ 91.568788994683189, 26.19232211642797 ], [ 91.572877671983548, 26.195177883572068 ], [ 91.581288994683192, 26.196488783094637 ], [ 91.586185031467053, 26.199908786349848 ], [ 91.588155449761317, 26.206288994683181 ], [ 91.591575453016532, 26.211185031467036 ], [ 91.597955661349857, 26.213155449761306 ], [ 91.606211005316879, 26.22017788357207 ], [ 91.632471042209232, 26.22155049641929 ], [ 91.634145779079901, 26.232297770182313 ], [ 91.640683661566882, 26.234316338433182 ], [ 91.642649671766534, 26.240683661566862 ], [ 91.649016994900208, 26.242649671766515 ], [ 91.650655449761317, 26.247955661349849 ], [ 91.661844550238754, 26.260377671983527 ], [ 91.663223605685801, 26.286761813693598 ], [ 91.685455661349863, 26.288155449761305 ], [ 91.690351698133711, 26.291575453016513 ], [ 91.691666666666706, 26.295833333333356 ], [ 91.698043823242216, 26.29526604546443 ], [ 91.701956176757847, 26.292233954535611 ], [ 91.706377156575556, 26.291099378797764 ], [ 91.710289510091187, 26.288067287868945 ], [ 91.715815904405417, 26.286649237738736 ], [ 91.717582194010447, 26.279765150282138 ], [ 91.7375, 26.279166666666686 ], [ 91.741083780924512, 26.278247070312521 ], [ 91.74943271213111, 26.268877156575542 ], [ 91.750567287868961, 26.260289510091166 ], [ 91.753698052300379, 26.25625 ], [ 91.750567287868961, 26.252210489908876 ], [ 91.749032253689279, 26.246229383680575 ], [ 91.74387715657555, 26.24223395453561 ], [ 91.738350762261319, 26.240815904405402 ], [ 91.736932712131107, 26.235289510091167 ], [ 91.729132419162369, 26.226535373263911 ], [ 91.735289510091178, 26.221400621202278 ], [ 91.739710489908887, 26.220266045464431 ], [ 91.751956176757844, 26.208900621202279 ], [ 91.754166666666706, 26.208333333333353 ], [ 91.754166666666706, 26.204166666666687 ], [ 91.754733954535624, 26.201956176757832 ], [ 91.75776604546445, 26.198043823242209 ], [ 91.759242418077292, 26.192290242513042 ], [ 91.770833333333371, 26.191666666666688 ], [ 91.770478312174518, 26.185046386718771 ], [ 91.764924452039963, 26.179519992404533 ], [ 91.755908881293436, 26.178813340928841 ], [ 91.752424452039961, 26.175353325737866 ], [ 91.74757554796011, 26.174646674262174 ], [ 91.744091118706635, 26.1711866590712 ], [ 91.739242214626771, 26.170480007595508 ], [ 91.723257785373306, 26.154519992404534 ], [ 91.720833333333374, 26.154166666666686 ], [ 91.717517428927991, 26.15501742892797 ], [ 91.716099378797779, 26.160543823242207 ], [ 91.711607530381983, 26.165929836697067 ], [ 91.703420003255246, 26.167233954535611 ], [ 91.698043823242216, 26.163067287868945 ], [ 91.681122843424518, 26.161932712131097 ], [ 91.677210489908887, 26.158900621202278 ], [ 91.672789510091178, 26.157766045464431 ], [ 91.668877156575562, 26.154733954535612 ], [ 91.664456176757852, 26.153599378797765 ], [ 91.656377156575559, 26.146400621202275 ], [ 91.643622843424509, 26.145266045464432 ], [ 91.635425482855936, 26.137961832682311 ], [ 91.630134412977469, 26.142062717013907 ], [ 91.628599378797773, 26.148043823242208 ], [ 91.619303046332504, 26.158292982313387 ], [ 91.614710489908887, 26.154733954535612 ], [ 91.589456176757849, 26.153599378797765 ], [ 91.585416666666703, 26.150468614366339 ], [ 91.581377156575556, 26.153599378797765 ], [ 91.578420003255246, 26.154733954535612 ], [ 91.573043823242216, 26.150567287868945 ], [ 91.55, 26.15 ] ] ] } },
{ "type": "Feature", "properties": { "station_id": "Rupahighat v/d Compound", "station_name": "Rupahighat v/d Compound", "State": "Assam", "District": "BARPETA", "Latitude": 26.66707222, "Longitude": 91.10216111, "HYBAS_ID": 4120870960, "SUB_AREA": 102.2, "UP_AREA": 102.2, "PFAF_ID": 452562022423, "source": "HydroBASINS v1c Asia level 12", "catchment_status": "candidate_point_matched" }, "geometry": { "type": "Polygon", "coordinates": [ [ [ 91.0375, 26.670833333333356 ], [ 91.036932712131104, 26.67304382324221 ], [ 91.033900621202292, 26.676956176757837 ], [ 91.032766045464442, 26.693877156575546 ], [ 91.025567287868952, 26.701956176757836 ], [ 91.024291653103333, 26.711612616644992 ], [ 91.01740553114152, 26.713379584418426 ], [ 91.016099378797776, 26.721579996744815 ], [ 91.020266045464439, 26.726956176757838 ], [ 91.021400621202289, 26.73554382324221 ], [ 91.024432712131102, 26.739456176757837 ], [ 91.025567287868952, 26.761285061306449 ], [ 91.017517428927988, 26.763350762261311 ], [ 91.016099378797776, 26.768877156575545 ], [ 91.008900621202287, 26.776956176757839 ], [ 91.007482571072075, 26.782482571072073 ], [ 91.004166666666691, 26.78333333333336 ], [ 91.004166666666691, 26.816666666666691 ], [ 91.003813340928843, 26.82325778537329 ], [ 91.000353325737876, 26.826742214626762 ], [ 91.0, 26.829166666666691 ], [ 91.002424452039961, 26.829519992404538 ], [ 91.005908881293436, 26.832980007595513 ], [ 91.014924452039963, 26.833686659071205 ], [ 91.01875, 26.837485419379366 ], [ 91.022916666666703, 26.833347913954018 ], [ 91.026742214626765, 26.837146674262179 ], [ 91.029166666666697, 26.8375 ], [ 91.03333333333336, 26.8375 ], [ 91.033686659071208, 26.835075547960095 ], [ 91.053813340928855, 26.814924452039957 ], [ 91.054519992404551, 26.80174221462676 ], [ 91.062146674262181, 26.794091118706621 ], [ 91.0625, 26.78333333333336 ], [ 91.0625, 26.77916666666669 ], [ 91.067233954535624, 26.777951727973115 ], [ 91.066099378797773, 26.768622843424502 ], [ 91.06193271213111, 26.763246663411483 ], [ 91.063067287868961, 26.76028951009117 ], [ 91.066099378797773, 26.756377156575546 ], [ 91.067233954535624, 26.751956176757837 ], [ 91.070266045464436, 26.748043823242213 ], [ 91.071400621202287, 26.743622843424504 ], [ 91.074432712131113, 26.73971048990888 ], [ 91.07556728786895, 26.731122843424505 ], [ 91.078599378797776, 26.727210489908877 ], [ 91.079733954535627, 26.722789510091172 ], [ 91.083900621202289, 26.717413330078148 ], [ 91.082766045464439, 26.706122843424502 ], [ 91.074432712131113, 26.696770562065996 ], [ 91.076192559136317, 26.691888427734398 ], [ 91.081122843424509, 26.688067287868947 ], [ 91.102210489908884, 26.6869327121311 ], [ 91.106122843424515, 26.68390062120228 ], [ 91.1125, 26.683333333333358 ], [ 91.1125, 26.679166666666692 ], [ 91.116666666666703, 26.679166666666692 ], [ 91.116311645507849, 26.672546386718775 ], [ 91.110757785373295, 26.667019992404537 ], [ 91.105908881293431, 26.666313340928845 ], [ 91.102424452039955, 26.662853325737871 ], [ 91.1, 26.6625 ], [ 91.076742214626762, 26.662146674262178 ], [ 91.073257785373301, 26.658686659071204 ], [ 91.069120279947953, 26.657980007595512 ], [ 91.064924452039961, 26.662146674262178 ], [ 91.060075547960096, 26.662853325737871 ], [ 91.052424452039958, 26.670480007595511 ], [ 91.0375, 26.670833333333356 ] ] ] } },
{ "type": "Feature", "properties": { "station_id": "AWRMI Office Campus", "station_name": "AWRMI Office Campus", "State": "Assam", "District": "Kamrup Metropolitan", "Latitude": 26.10269444, "Longitude": 91.79509722, "HYBAS_ID": 4121488190, "SUB_AREA": 159.2, "UP_AREA": 159.2, "PFAF_ID": 452570070232, "source": "HydroBASINS v1c Asia level 12", "catchment_status": "candidate_point_matched" }, "geometry": { "type": "Polygon", "coordinates": [ [ [ 91.75, 26.008333333333368 ], [ 91.749646674262195, 26.010757785373301 ], [ 91.746186659071213, 26.014242214626773 ], [ 91.745480007595518, 26.027424452039966 ], [ 91.731620958116352, 26.041308932834237 ], [ 91.726742214626768, 26.042019992404548 ], [ 91.723257785373306, 26.045480007595522 ], [ 91.719120279947958, 26.046186659071214 ], [ 91.714924452039966, 26.042019992404548 ], [ 91.704166666666708, 26.041666666666686 ], [ 91.703315904405414, 26.044982571072069 ], [ 91.7, 26.045833333333352 ], [ 91.700353325737879, 26.048257785373284 ], [ 91.70381334092886, 26.051742214626756 ], [ 91.704519992404556, 26.056591118706617 ], [ 91.707980007595523, 26.060075547960089 ], [ 91.708333333333371, 26.0625 ], [ 91.714748128255238, 26.063029649522591 ], [ 91.718585205078156, 26.066137017144115 ], [ 91.727248128255241, 26.067196316189257 ], [ 91.732763332790839, 26.071941799587695 ], [ 91.733862982855939, 26.093914794921893 ], [ 91.737982177734409, 26.099000718858527 ], [ 91.736613633897605, 26.103394232855923 ], [ 91.731085205078159, 26.104696316189255 ], [ 91.725598483615485, 26.109417385525195 ], [ 91.725, 26.116666666666685 ], [ 91.724470350477461, 26.123081461588562 ], [ 91.719781155056467, 26.128531222873285 ], [ 91.709266153971384, 26.129816691080748 ], [ 91.707803683810795, 26.134416368272589 ], [ 91.716137017144135, 26.143585205078146 ], [ 91.717196316189273, 26.148081461588561 ], [ 91.720303683810798, 26.151918538411479 ], [ 91.720833333333374, 26.154166666666686 ], [ 91.723257785373306, 26.154519992404534 ], [ 91.739242214626771, 26.170480007595508 ], [ 91.744091118706635, 26.1711866590712 ], [ 91.74757554796011, 26.174646674262174 ], [ 91.752424452039961, 26.175353325737866 ], [ 91.755908881293436, 26.178813340928841 ], [ 91.764924452039963, 26.179519992404533 ], [ 91.770478312174518, 26.185046386718771 ], [ 91.770833333333371, 26.191666666666688 ], [ 91.773257785373303, 26.192019992404536 ], [ 91.776742214626779, 26.195480007595506 ], [ 91.806591118706635, 26.196186659071202 ], [ 91.810786946614627, 26.200353325737868 ], [ 91.814924452039961, 26.199646674262173 ], [ 91.822575547960099, 26.192019992404536 ], [ 91.825, 26.191666666666688 ], [ 91.824369642469648, 26.189519246419291 ], [ 91.821463690863752, 26.185480753580748 ], [ 91.820102267795178, 26.171841430664081 ], [ 91.812544759114616, 26.169623819986999 ], [ 91.808963690863749, 26.164647420247416 ], [ 91.807340494791703, 26.159116278754361 ], [ 91.795202975802994, 26.157308620876755 ], [ 91.796463690863746, 26.127019246419291 ], [ 91.799369642469657, 26.122980753580748 ], [ 91.800684271918442, 26.092432996961826 ], [ 91.813080851237018, 26.091169230143247 ], [ 91.818685913085972, 26.09520297580297 ], [ 91.822980753580765, 26.096463690863736 ], [ 91.827083333333377, 26.099416097005228 ], [ 91.831185913085974, 26.096463690863736 ], [ 91.844825236002634, 26.095102267795159 ], [ 91.84583333333336, 26.091666666666686 ], [ 91.845266045464427, 26.089456176757832 ], [ 91.833900621202275, 26.077210489908872 ], [ 91.832482401529973, 26.071684095594637 ], [ 91.826956176757832, 26.070266045464429 ], [ 91.810543823242213, 26.05473395453561 ], [ 91.806122843424504, 26.053599378797763 ], [ 91.802210489908873, 26.050567287868944 ], [ 91.79526604546443, 26.048785061306443 ], [ 91.796400621202281, 26.031122843424498 ], [ 91.799432712131093, 26.027210489908875 ], [ 91.8, 26.025 ], [ 91.797575547960108, 26.024646674262172 ], [ 91.794091118706632, 26.021186659071198 ], [ 91.789242214626768, 26.020480007595506 ], [ 91.781591118706629, 26.012853325737865 ], [ 91.776742214626779, 26.012146674262173 ], [ 91.769091118706626, 26.004519992404532 ], [ 91.7625, 26.004166666666702 ], [ 91.750909084743967, 26.004790242513057 ], [ 91.75, 26.008333333333368 ] ] ] } },
{ "type": "Feature", "properties": { "station_id": "Nalbari Office Campus", "station_name": "Nalbari Office Campus", "State": "Assam", "District": "NALBARI", "Latitude": 26.18437778, "Longitude": 91.77171111, "HYBAS_ID": 4121488190, "SUB_AREA": 159.2, "UP_AREA": 159.2, "PFAF_ID": 452570070232, "source": "HydroBASINS v1c Asia level 12", "catchment_status": "candidate_point_matched" }, "geometry": { "type": "Polygon", "coordinates": [ [ [ 91.75, 26.008333333333368 ], [ 91.749646674262195, 26.010757785373301 ], [ 91.746186659071213, 26.014242214626773 ], [ 91.745480007595518, 26.027424452039966 ], [ 91.731620958116352, 26.041308932834237 ], [ 91.726742214626768, 26.042019992404548 ], [ 91.723257785373306, 26.045480007595522 ], [ 91.719120279947958, 26.046186659071214 ], [ 91.714924452039966, 26.042019992404548 ], [ 91.704166666666708, 26.041666666666686 ], [ 91.703315904405414, 26.044982571072069 ], [ 91.7, 26.045833333333352 ], [ 91.700353325737879, 26.048257785373284 ], [ 91.70381334092886, 26.051742214626756 ], [ 91.704519992404556, 26.056591118706617 ], [ 91.707980007595523, 26.060075547960089 ], [ 91.708333333333371, 26.0625 ], [ 91.714748128255238, 26.063029649522591 ], [ 91.718585205078156, 26.066137017144115 ], [ 91.727248128255241, 26.067196316189257 ], [ 91.732763332790839, 26.071941799587695 ], [ 91.733862982855939, 26.093914794921893 ], [ 91.737982177734409, 26.099000718858527 ], [ 91.736613633897605, 26.103394232855923 ], [ 91.731085205078159, 26.104696316189255 ], [ 91.725598483615485, 26.109417385525195 ], [ 91.725, 26.116666666666685 ], [ 91.724470350477461, 26.123081461588562 ], [ 91.719781155056467, 26.128531222873285 ], [ 91.709266153971384, 26.129816691080748 ], [ 91.707803683810795, 26.134416368272589 ], [ 91.716137017144135, 26.143585205078146 ], [ 91.717196316189273, 26.148081461588561 ], [ 91.720303683810798, 26.151918538411479 ], [ 91.720833333333374, 26.154166666666686 ], [ 91.723257785373306, 26.154519992404534 ], [ 91.739242214626771, 26.170480007595508 ], [ 91.744091118706635, 26.1711866590712 ], [ 91.74757554796011, 26.174646674262174 ], [ 91.752424452039961, 26.175353325737866 ], [ 91.755908881293436, 26.178813340928841 ], [ 91.764924452039963, 26.179519992404533 ], [ 91.770478312174518, 26.185046386718771 ], [ 91.770833333333371, 26.191666666666688 ], [ 91.773257785373303, 26.192019992404536 ], [ 91.776742214626779, 26.195480007595506 ], [ 91.806591118706635, 26.196186659071202 ], [ 91.810786946614627, 26.200353325737868 ], [ 91.814924452039961, 26.199646674262173 ], [ 91.822575547960099, 26.192019992404536 ], [ 91.825, 26.191666666666688 ], [ 91.824369642469648, 26.189519246419291 ], [ 91.821463690863752, 26.185480753580748 ], [ 91.820102267795178, 26.171841430664081 ], [ 91.812544759114616, 26.169623819986999 ], [ 91.808963690863749, 26.164647420247416 ], [ 91.807340494791703, 26.159116278754361 ], [ 91.795202975802994, 26.157308620876755 ], [ 91.796463690863746, 26.127019246419291 ], [ 91.799369642469657, 26.122980753580748 ], [ 91.800684271918442, 26.092432996961826 ], [ 91.813080851237018, 26.091169230143247 ], [ 91.818685913085972, 26.09520297580297 ], [ 91.822980753580765, 26.096463690863736 ], [ 91.827083333333377, 26.099416097005228 ], [ 91.831185913085974, 26.096463690863736 ], [ 91.844825236002634, 26.095102267795159 ], [ 91.84583333333336, 26.091666666666686 ], [ 91.845266045464427, 26.089456176757832 ], [ 91.833900621202275, 26.077210489908872 ], [ 91.832482401529973, 26.071684095594637 ], [ 91.826956176757832, 26.070266045464429 ], [ 91.810543823242213, 26.05473395453561 ], [ 91.806122843424504, 26.053599378797763 ], [ 91.802210489908873, 26.050567287868944 ], [ 91.79526604546443, 26.048785061306443 ], [ 91.796400621202281, 26.031122843424498 ], [ 91.799432712131093, 26.027210489908875 ], [ 91.8, 26.025 ], [ 91.797575547960108, 26.024646674262172 ], [ 91.794091118706632, 26.021186659071198 ], [ 91.789242214626768, 26.020480007595506 ], [ 91.781591118706629, 26.012853325737865 ], [ 91.776742214626779, 26.012146674262173 ], [ 91.769091118706626, 26.004519992404532 ], [ 91.7625, 26.004166666666702 ], [ 91.750909084743967, 26.004790242513057 ], [ 91.75, 26.008333333333368 ] ] ] } },
{ "type": "Feature", "properties": { "station_id": "Chief Eng Office Campus", "station_name": "Chief Eng Office Campus", "State": "Assam", "District": "Kamrup Metropolitan", "Latitude": 26.18444444, "Longitude": 91.77166667, "HYBAS_ID": 4121488190, "SUB_AREA": 159.2, "UP_AREA": 159.2, "PFAF_ID": 452570070232, "source": "HydroBASINS v1c Asia level 12", "catchment_status": "candidate_point_matched" }, "geometry": { "type": "Polygon", "coordinates": [ [ [ 91.75, 26.008333333333368 ], [ 91.749646674262195, 26.010757785373301 ], [ 91.746186659071213, 26.014242214626773 ], [ 91.745480007595518, 26.027424452039966 ], [ 91.731620958116352, 26.041308932834237 ], [ 91.726742214626768, 26.042019992404548 ], [ 91.723257785373306, 26.045480007595522 ], [ 91.719120279947958, 26.046186659071214 ], [ 91.714924452039966, 26.042019992404548 ], [ 91.704166666666708, 26.041666666666686 ], [ 91.703315904405414, 26.044982571072069 ], [ 91.7, 26.045833333333352 ], [ 91.700353325737879, 26.048257785373284 ], [ 91.70381334092886, 26.051742214626756 ], [ 91.704519992404556, 26.056591118706617 ], [ 91.707980007595523, 26.060075547960089 ], [ 91.708333333333371, 26.0625 ], [ 91.714748128255238, 26.063029649522591 ], [ 91.718585205078156, 26.066137017144115 ], [ 91.727248128255241, 26.067196316189257 ], [ 91.732763332790839, 26.071941799587695 ], [ 91.733862982855939, 26.093914794921893 ], [ 91.737982177734409, 26.099000718858527 ], [ 91.736613633897605, 26.103394232855923 ], [ 91.731085205078159, 26.104696316189255 ], [ 91.725598483615485, 26.109417385525195 ], [ 91.725, 26.116666666666685 ], [ 91.724470350477461, 26.123081461588562 ], [ 91.719781155056467, 26.128531222873285 ], [ 91.709266153971384, 26.129816691080748 ], [ 91.707803683810795, 26.134416368272589 ], [ 91.716137017144135, 26.143585205078146 ], [ 91.717196316189273, 26.148081461588561 ], [ 91.720303683810798, 26.151918538411479 ], [ 91.720833333333374, 26.154166666666686 ], [ 91.723257785373306, 26.154519992404534 ], [ 91.739242214626771, 26.170480007595508 ], [ 91.744091118706635, 26.1711866590712 ], [ 91.74757554796011, 26.174646674262174 ], [ 91.752424452039961, 26.175353325737866 ], [ 91.755908881293436, 26.178813340928841 ], [ 91.764924452039963, 26.179519992404533 ], [ 91.770478312174518, 26.185046386718771 ], [ 91.770833333333371, 26.191666666666688 ], [ 91.773257785373303, 26.192019992404536 ], [ 91.776742214626779, 26.195480007595506 ], [ 91.806591118706635, 26.196186659071202 ], [ 91.810786946614627, 26.200353325737868 ], [ 91.814924452039961, 26.199646674262173 ], [ 91.822575547960099, 26.192019992404536 ], [ 91.825, 26.191666666666688 ], [ 91.824369642469648, 26.189519246419291 ], [ 91.821463690863752, 26.185480753580748 ], [ 91.820102267795178, 26.171841430664081 ], [ 91.812544759114616, 26.169623819986999 ], [ 91.808963690863749, 26.164647420247416 ], [ 91.807340494791703, 26.159116278754361 ], [ 91.795202975802994, 26.157308620876755 ], [ 91.796463690863746, 26.127019246419291 ], [ 91.799369642469657, 26.122980753580748 ], [ 91.800684271918442, 26.092432996961826 ], [ 91.813080851237018, 26.091169230143247 ], [ 91.818685913085972, 26.09520297580297 ], [ 91.822980753580765, 26.096463690863736 ], [ 91.827083333333377, 26.099416097005228 ], [ 91.831185913085974, 26.096463690863736 ], [ 91.844825236002634, 26.095102267795159 ], [ 91.84583333333336, 26.091666666666686 ], [ 91.845266045464427, 26.089456176757832 ], [ 91.833900621202275, 26.077210489908872 ], [ 91.832482401529973, 26.071684095594637 ], [ 91.826956176757832, 26.070266045464429 ], [ 91.810543823242213, 26.05473395453561 ], [ 91.806122843424504, 26.053599378797763 ], [ 91.802210489908873, 26.050567287868944 ], [ 91.79526604546443, 26.048785061306443 ], [ 91.796400621202281, 26.031122843424498 ], [ 91.799432712131093, 26.027210489908875 ], [ 91.8, 26.025 ], [ 91.797575547960108, 26.024646674262172 ], [ 91.794091118706632, 26.021186659071198 ], [ 91.789242214626768, 26.020480007595506 ], [ 91.781591118706629, 26.012853325737865 ], [ 91.776742214626779, 26.012146674262173 ], [ 91.769091118706626, 26.004519992404532 ], [ 91.7625, 26.004166666666702 ], [ 91.750909084743967, 26.004790242513057 ], [ 91.75, 26.008333333333368 ] ] ] } },
{ "type": "Feature", "properties": { "station_id": "Ukiam", "station_name": "Ukiam", "State": "Assam", "District": "KAMRUP", "Latitude": 25.85020556, "Longitude": 91.33743056, "HYBAS_ID": 4120898660, "SUB_AREA": 105.2, "UP_AREA": 105.3, "PFAF_ID": 452570024200, "source": "HydroBASINS v1c Asia level 12", "catchment_status": "candidate_point_matched" }, "geometry": { "type": "Polygon", "coordinates": [ [ [ 91.2125, 25.7625 ], [ 91.210075547960102, 25.762853325737879 ], [ 91.204524739583363, 25.768376498752204 ], [ 91.204166666666694, 25.770833333333368 ], [ 91.192410617404548, 25.771570163302986 ], [ 91.191011216905409, 25.79224819607208 ], [ 91.199344550238749, 25.802044338650205 ], [ 91.200983005099857, 25.807350328233539 ], [ 91.206288994683192, 25.808988783094652 ], [ 91.210377671983537, 25.811844550238749 ], [ 91.214622328016532, 25.813155449761318 ], [ 91.222877671983539, 25.820177883572082 ], [ 91.22712232801652, 25.821488783094651 ], [ 91.233359103732667, 25.826321750217048 ], [ 91.225655449761319, 25.83537767198354 ], [ 91.22434455023874, 25.843788994683194 ], [ 91.221488783094657, 25.847877671983539 ], [ 91.220177883572077, 25.8526775783963 ], [ 91.22712232801652, 25.854822116427986 ], [ 91.235377671983542, 25.86184455023875 ], [ 91.253106350368952, 25.863232421875033 ], [ 91.254822116427988, 25.868788994683193 ], [ 91.257677883572086, 25.872877671983542 ], [ 91.259398735894123, 25.878449842664963 ], [ 91.281288994683194, 25.879822116427984 ], [ 91.290403238932328, 25.887575446234841 ], [ 91.2916666666667, 25.891666666666701 ], [ 91.294091118706632, 25.892019992404549 ], [ 91.301742214626771, 25.899646674262186 ], [ 91.314924452039961, 25.900353325737882 ], [ 91.318408881293436, 25.903813340928853 ], [ 91.327424452039963, 25.904519992404548 ], [ 91.330908881293439, 25.907980007595519 ], [ 91.335757785373303, 25.908686659071215 ], [ 91.339242214626765, 25.912146674262186 ], [ 91.341666666666697, 25.9125 ], [ 91.342019992404545, 25.910075547960105 ], [ 91.345480007595512, 25.906591118706633 ], [ 91.34583333333336, 25.904166666666701 ], [ 91.345266045464442, 25.897789510091179 ], [ 91.333793131510447, 25.885428025987448 ], [ 91.336932712131116, 25.881377156575553 ], [ 91.338155788845512, 25.867626444498732 ], [ 91.343622843424512, 25.863067287868958 ], [ 91.350567287868955, 25.861285061306457 ], [ 91.349343872070349, 25.846734280056456 ], [ 91.34583333333336, 25.845833333333367 ], [ 91.341666666666697, 25.845833333333367 ], [ 91.341666666666697, 25.841666666666701 ], [ 91.3375, 25.841666666666701 ], [ 91.335075547960102, 25.842019992404548 ], [ 91.33124966091583, 25.845819091796908 ], [ 91.3253580729167, 25.839956834581198 ], [ 91.325, 25.8375 ], [ 91.297575547960108, 25.837146674262186 ], [ 91.285757785373292, 25.825353325737879 ], [ 91.280908881293442, 25.824646674262187 ], [ 91.277424452039966, 25.821186659071213 ], [ 91.264242214626762, 25.820480007595521 ], [ 91.258692423502637, 25.8149578518338 ], [ 91.257980007595521, 25.810787116156718 ], [ 91.262146674262183, 25.806591118706631 ], [ 91.2625, 25.7916666666667 ], [ 91.261596340603333, 25.788145785861577 ], [ 91.248043823242213, 25.775567287868956 ], [ 91.226956176757838, 25.774432712131109 ], [ 91.218877156575559, 25.767233954535623 ], [ 91.213350762261314, 25.765815734863313 ], [ 91.2125, 25.7625 ] ] ] } },
{ "type": "Feature", "properties": { "station_id": "NH15 Crossing Fakirpara Tangni", "station_name": "NH15 Crossing Fakirpara Tangni", "State": "Assam", "District": "DARRANG", "Latitude": 26.50833333, "Longitude": 92.11638889, "HYBAS_ID": 4120876350, "SUB_AREA": 103.0, "UP_AREA": 103.0, "PFAF_ID": 452593004200, "source": "HydroBASINS v1c Asia level 12", "catchment_status": "candidate_point_matched" }, "geometry": { "type": "Polygon", "coordinates": [ [ [ 92.1125, 26.5125 ], [ 92.115815734863304, 26.511649237738737 ], [ 92.116666666666688, 26.508333333333358 ], [ 92.116666666666688, 26.504166666666691 ], [ 92.101742214626753, 26.504519992404536 ], [ 92.096189032660618, 26.51004536946617 ], [ 92.095480007595512, 26.519091118706619 ], [ 92.083686659071205, 26.530908881293428 ], [ 92.082980007595509, 26.539924452039955 ], [ 92.077456834581184, 26.545475260416691 ], [ 92.075, 26.545833333333356 ], [ 92.07556728786895, 26.552210489908877 ], [ 92.078599378797762, 26.556122843424504 ], [ 92.079733954535612, 26.571770562065996 ], [ 92.071400621202287, 26.581122843424502 ], [ 92.070266045464436, 26.589710489908878 ], [ 92.06723395453561, 26.593622843424502 ], [ 92.066099378797759, 26.596579996744815 ], [ 92.070266045464436, 26.601956176757838 ], [ 92.071400621202287, 26.618877156575543 ], [ 92.074432712131099, 26.62278951009117 ], [ 92.07556728786895, 26.631377156575546 ], [ 92.078599378797762, 26.63528951009117 ], [ 92.079733954535612, 26.648043823242212 ], [ 92.082766045464439, 26.651956176757835 ], [ 92.083900621202275, 26.664710489908877 ], [ 92.086932712131102, 26.668622843424505 ], [ 92.088067287868952, 26.681377156575547 ], [ 92.091099378797765, 26.68528951009117 ], [ 92.092233954535615, 26.693877156575546 ], [ 92.095266045464427, 26.69778951009117 ], [ 92.096400621202278, 26.700746663411483 ], [ 92.092233954535615, 26.706122843424502 ], [ 92.091005452473979, 26.719933742947074 ], [ 92.084340074327287, 26.721644422743079 ], [ 92.082766045464439, 26.725746663411485 ], [ 92.086932712131102, 26.731122843424505 ], [ 92.088067287868952, 26.73554382324221 ], [ 92.095266045464427, 26.743622843424504 ], [ 92.09583333333336, 26.754166666666691 ], [ 92.098287455240907, 26.753808932834225 ], [ 92.116313340928841, 26.735757785373288 ], [ 92.116666666666688, 26.733333333333359 ], [ 92.120437452528236, 26.732365587022596 ], [ 92.124432712131096, 26.727210489908877 ], [ 92.125614251030839, 26.700911797417561 ], [ 92.132740444607222, 26.699082777235269 ], [ 92.133333333333354, 26.675 ], [ 92.130173407660607, 26.674188910590303 ], [ 92.128599378797759, 26.670086669921901 ], [ 92.132766045464436, 26.664710489908877 ], [ 92.133900621202287, 26.644896104600718 ], [ 92.125567287868947, 26.635543823242212 ], [ 92.124432712131096, 26.631122843424503 ], [ 92.121400621202284, 26.62721048990888 ], [ 92.120266045464433, 26.62278951009117 ], [ 92.117233954535607, 26.618877156575543 ], [ 92.11609937879777, 26.607586669921901 ], [ 92.120266045464433, 26.602210489908877 ], [ 92.121400621202284, 26.584548272026932 ], [ 92.113161214192729, 26.582433742947071 ], [ 92.111932712131093, 26.568622843424503 ], [ 92.10880211724178, 26.564583333333356 ], [ 92.111932712131093, 26.56054382324221 ], [ 92.113067287868944, 26.547789510091171 ], [ 92.116197882758271, 26.54375 ], [ 92.113067287868944, 26.539710489908877 ], [ 92.1125, 26.516666666666691 ], [ 92.1125, 26.5125 ] ] ] } },
{ "type": "Feature", "properties": { "station_id": "NH15 Crossing Dhansirighat", "station_name": "NH15 Crossing Dhansirighat", "State": "Assam", "District": "Udalguri", "Latitude": 26.69583333, "Longitude": 92.25777778, "HYBAS_ID": 4120874120, "SUB_AREA": 115.2, "UP_AREA": 1586.9, "PFAF_ID": 452594003300, "source": "HydroBASINS v1c Asia level 12", "catchment_status": "candidate_point_matched" }, "geometry": { "type": "Polygon", "coordinates": [ [ [ 92.22083333333336, 26.745833333333358 ], [ 92.223043823242207, 26.74640062120228 ], [ 92.226956176757838, 26.749432712131103 ], [ 92.23661261664499, 26.750708346896726 ], [ 92.238067287868944, 26.756377156575546 ], [ 92.241931321885872, 26.761362711588568 ], [ 92.233729214138478, 26.763467746310788 ], [ 92.228599378797767, 26.770086669921898 ], [ 92.229733954535618, 26.785543823242215 ], [ 92.23276604546443, 26.789456176757838 ], [ 92.233900621202281, 26.806377156575547 ], [ 92.236932712131107, 26.81028951009117 ], [ 92.238067287868944, 26.81471048990888 ], [ 92.24109937879777, 26.818622843424503 ], [ 92.242233954535621, 26.848043823242215 ], [ 92.249432712131096, 26.856122843424505 ], [ 92.250632731119822, 26.874021063910618 ], [ 92.256122843424507, 26.87859937879777 ], [ 92.258333333333354, 26.879166666666691 ], [ 92.258900621202287, 26.851956176757838 ], [ 92.2620312160916, 26.847916666666691 ], [ 92.258900621202287, 26.843877156575545 ], [ 92.257766045464436, 26.835289510091172 ], [ 92.249432712131096, 26.825937228732663 ], [ 92.250567287868947, 26.801956176757837 ], [ 92.25473395453561, 26.796579996744818 ], [ 92.253599378797773, 26.793622843424505 ], [ 92.249432712131096, 26.788246663411485 ], [ 92.250567287868947, 26.785289510091172 ], [ 92.257766045464436, 26.777210489908878 ], [ 92.258900621202287, 26.768622843424502 ], [ 92.261932712131099, 26.764710489908879 ], [ 92.26306728786895, 26.756122843424503 ], [ 92.266099378797762, 26.75221048990888 ], [ 92.267233954535612, 26.74778951009117 ], [ 92.271400621202275, 26.742413330078151 ], [ 92.270266045464439, 26.722789510091172 ], [ 92.266099378797762, 26.717413330078148 ], [ 92.267254469129796, 26.659251912434918 ], [ 92.274149068196635, 26.657482571072073 ], [ 92.275887383355055, 26.650708346896725 ], [ 92.285543823242207, 26.649432712131102 ], [ 92.289456176757838, 26.646400621202282 ], [ 92.299154324001762, 26.645119222005231 ], [ 92.300201416015653, 26.640447998046898 ], [ 92.296400621202281, 26.635543823242212 ], [ 92.29526604546443, 26.62278951009117 ], [ 92.292135450575117, 26.61875 ], [ 92.29526604546443, 26.614710489908877 ], [ 92.295833333333363, 26.595833333333356 ], [ 92.295480007595515, 26.589242214626758 ], [ 92.287853325737871, 26.581591118706619 ], [ 92.287141927083354, 26.576709662543426 ], [ 92.281591118706615, 26.571186659071202 ], [ 92.275, 26.570833333333358 ], [ 92.270833333333357, 26.570833333333358 ], [ 92.269982401529973, 26.574149237738737 ], [ 92.266666666666694, 26.575 ], [ 92.266049024793858, 26.58132697211374 ], [ 92.262168884277372, 26.586638387044296 ], [ 92.25067630343969, 26.588311089409746 ], [ 92.249382358127193, 26.614660305447071 ], [ 92.246450975206187, 26.61867302788631 ], [ 92.24521569146053, 26.639660305447073 ], [ 92.238117641872847, 26.647839694552975 ], [ 92.23673180474178, 26.657361518012177 ], [ 92.230093044704887, 26.659259711371551 ], [ 92.228549024793864, 26.664660305447072 ], [ 92.225617641872859, 26.66867302788631 ], [ 92.224382358127201, 26.677160305447075 ], [ 92.221450975206182, 26.68117302788631 ], [ 92.220215691460524, 26.685493638780407 ], [ 92.217284308539519, 26.689506361219642 ], [ 92.216049024793861, 26.710493638780406 ], [ 92.208950975206193, 26.718673027886311 ], [ 92.207715691460521, 26.721302625868081 ], [ 92.211882358127198, 26.727006361219644 ], [ 92.2125, 26.7375 ], [ 92.216005452473979, 26.738399590386308 ], [ 92.216666666666697, 26.745833333333358 ], [ 92.22083333333336, 26.745833333333358 ] ] ] } },
{ "type": "Feature", "properties": { "station_id": "Silghat", "station_name": "Silghat", "State": "Assam", "District": "NAGAON", "Latitude": 26.59722222, "Longitude": 92.92472222000001, "HYBAS_ID": 4120872360, "SUB_AREA": 13.7, "UP_AREA": 372949.5, "PFAF_ID": 452597011000, "source": "HydroBASINS v1c Asia level 12", "catchment_status": "candidate_point_matched" }, "geometry": { "type": "Polygon", "coordinates": [ [ [ 92.891666666666694, 26.620833333333358 ], [ 92.891666666666694, 26.625 ], [ 92.891666666666694, 26.629166666666691 ], [ 92.906591118706629, 26.629519992404539 ], [ 92.914242214626768, 26.637146674262176 ], [ 92.925, 26.6375 ], [ 92.925567287868958, 26.63528951009117 ], [ 92.92859937879777, 26.631377156575546 ], [ 92.930017428927982, 26.625850762261308 ], [ 92.933333333333366, 26.625 ], [ 92.933333333333366, 26.620833333333358 ], [ 92.933686659071213, 26.61424221462676 ], [ 92.937146674262181, 26.610757785373288 ], [ 92.9375, 26.604166666666689 ], [ 92.930908881293433, 26.603813340928845 ], [ 92.925358072916694, 26.598290337456621 ], [ 92.924646674262178, 26.593408881293428 ], [ 92.921186659071211, 26.589924452039956 ], [ 92.920833333333363, 26.583333333333357 ], [ 92.917631022135453, 26.584297688802106 ], [ 92.91602376302086, 26.589634874131967 ], [ 92.9089762369792, 26.597865125868079 ], [ 92.907594129774338, 26.615891859266519 ], [ 92.892696804470518, 26.617411634657142 ], [ 92.891666666666694, 26.620833333333358 ] ] ] } },
{ "type": "Feature", "properties": { "station_id": "Baghmari Tea State", "station_name": "Baghmari Tea State", "State": "Assam", "District": "SONITPUR", "Latitude": 26.75116111, "Longitude": 93.2286, "HYBAS_ID": 4120870680, "SUB_AREA": 218.7, "UP_AREA": 640.5, "PFAF_ID": 452597040300, "source": "HydroBASINS v1c Asia level 12", "catchment_status": "candidate_point_matched" }, "geometry": { "type": "Polygon", "coordinates": [ [ [ 93.2125, 26.6875 ], [ 93.208333333333371, 26.6875 ], [ 93.204166666666694, 26.6875 ], [ 93.203315904405414, 26.690815904405405 ], [ 93.2, 26.691666666666691 ], [ 93.20056728786895, 26.702210489908879 ], [ 93.203599378797776, 26.706122843424502 ], [ 93.204733954535627, 26.709270562065996 ], [ 93.195467461480064, 26.719670274522596 ], [ 93.202210489908879, 26.721400621202282 ], [ 93.204733954535627, 26.723785061306447 ], [ 93.196507093641529, 26.725896538628497 ], [ 93.195266045464436, 26.738246663411484 ], [ 93.199432712131113, 26.743622843424504 ], [ 93.20056728786895, 26.768877156575545 ], [ 93.207766045464439, 26.776956176757839 ], [ 93.208900621202289, 26.781377156575545 ], [ 93.211932712131102, 26.785289510091172 ], [ 93.213067287868952, 26.80221048990888 ], [ 93.216099378797779, 26.806122843424504 ], [ 93.217233954535615, 26.81741333007815 ], [ 93.212968614366346, 26.822916666666693 ], [ 93.216099378797779, 26.82695617675784 ], [ 93.217233954535615, 26.829913330078149 ], [ 93.212961832682325, 26.835425482855928 ], [ 93.220266045464442, 26.843622843424505 ], [ 93.221400621202292, 26.86471048990888 ], [ 93.224531385633711, 26.86875 ], [ 93.221400621202292, 26.87278951009117 ], [ 93.220266045464442, 26.875746663411483 ], [ 93.224432712131104, 26.881122843424507 ], [ 93.225, 26.883333333333358 ], [ 93.231377156575547, 26.883900621202283 ], [ 93.235289510091178, 26.886932712131102 ], [ 93.241005452473985, 26.88839959038631 ], [ 93.241666666666703, 26.895833333333361 ], [ 93.245833333333366, 26.895833333333361 ], [ 93.258333333333368, 26.895833333333361 ], [ 93.259316338433194, 26.89264967176652 ], [ 93.266757880316874, 26.890351698133706 ], [ 93.270177883572075, 26.885455661349852 ], [ 93.271488783094654, 26.877044338650201 ], [ 93.278511216905414, 26.868788994683186 ], [ 93.279822116427979, 26.860377671983532 ], [ 93.282677883572077, 26.856288994683187 ], [ 93.283988783094657, 26.852044338650199 ], [ 93.286844550238754, 26.84795566134985 ], [ 93.288155449761319, 26.8395443386502 ], [ 93.299344550238743, 26.827122328016518 ], [ 93.300843641493088, 26.812737698025199 ], [ 93.306211005316868, 26.808988783094645 ], [ 93.312440999348993, 26.807064819335963 ], [ 93.307677883572083, 26.800245836046031 ], [ 93.308988783094648, 26.797877671983532 ], [ 93.316011216905409, 26.789622328016517 ], [ 93.317479112413224, 26.780202229817732 ], [ 93.322955661349866, 26.778511216905407 ], [ 93.331211005316874, 26.771488783094643 ], [ 93.336767578125034, 26.769773017035615 ], [ 93.338257853190143, 26.750736151801242 ], [ 93.362207370334232, 26.74923468695749 ], [ 93.36601121690542, 26.743788994683186 ], [ 93.366666666666703, 26.741666666666692 ], [ 93.367019992404551, 26.73924221462676 ], [ 93.371186659071213, 26.735046386718775 ], [ 93.370477634006107, 26.726713731553843 ], [ 93.360757785373295, 26.717019992404538 ], [ 93.310075547960096, 26.716313340928842 ], [ 93.302424452039958, 26.708686659071205 ], [ 93.297575547960108, 26.707980007595509 ], [ 93.294091118706632, 26.704519992404538 ], [ 93.285075547960105, 26.703813340928843 ], [ 93.280879720052113, 26.699646674262176 ], [ 93.268408881293439, 26.700353325737872 ], [ 93.264924452039963, 26.703813340928843 ], [ 93.255908881293436, 26.704519992404538 ], [ 93.252082655164969, 26.708319769965303 ], [ 93.239924452039958, 26.696186659071206 ], [ 93.235075547960108, 26.69548000759551 ], [ 93.231591118706632, 26.692019992404539 ], [ 93.226742214626768, 26.691313340928843 ], [ 93.223257785373292, 26.687853325737873 ], [ 93.2125, 26.6875 ] ] ] } },
{ "type": "Feature", "properties": { "station_id": "Dhansiri GD Site", "station_name": "Dhansiri GD Site", "State": "Assam", "District": "GOLAGHAT", "Latitude": 26.70305556, "Longitude": 93.68722222, "HYBAS_ID": 4120870190, "SUB_AREA": 34.7, "UP_AREA": 12780.1, "PFAF_ID": 452598100000, "source": "HydroBASINS v1c Asia level 12", "catchment_status": "candidate_point_matched" }, "geometry": { "type": "Polygon", "coordinates": [ [ [ 93.695833333333368, 26.620833333333358 ], [ 93.693622843424521, 26.62140062120228 ], [ 93.68971048990889, 26.6244327121311 ], [ 93.683916219075556, 26.625919596354191 ], [ 93.675567287868958, 26.63528951009117 ], [ 93.674432712131107, 26.639710489908879 ], [ 93.666099378797782, 26.649062771267385 ], [ 93.667233954535632, 26.656377156575545 ], [ 93.670373535156287, 26.660428195529537 ], [ 93.657766045464442, 26.674011908637176 ], [ 93.658900621202292, 26.685543823242213 ], [ 93.661932712131119, 26.689456176757837 ], [ 93.663208346896738, 26.699112616644989 ], [ 93.668877156575562, 26.70056728786895 ], [ 93.672789510091178, 26.703599378797769 ], [ 93.683333333333366, 26.704166666666691 ], [ 93.686649237738749, 26.705017428927977 ], [ 93.6875, 26.708333333333357 ], [ 93.695833333333368, 26.708333333333357 ], [ 93.696187676323817, 26.697546725802976 ], [ 93.701742214626776, 26.692019992404539 ], [ 93.708333333333371, 26.691666666666691 ], [ 93.710757785373303, 26.692019992404539 ], [ 93.714242214626779, 26.69548000759551 ], [ 93.720833333333374, 26.695833333333358 ], [ 93.720480007595526, 26.685075547960093 ], [ 93.717019992404545, 26.681591118706621 ], [ 93.716666666666697, 26.675 ], [ 93.716666666666697, 26.670833333333356 ], [ 93.714456176757849, 26.670266045464434 ], [ 93.709301079644135, 26.666270616319469 ], [ 93.707482571072092, 26.659184095594643 ], [ 93.700623575846393, 26.657424248589432 ], [ 93.699432712131113, 26.63528951009117 ], [ 93.696400621202287, 26.631377156575546 ], [ 93.69526604546445, 26.628420003255233 ], [ 93.700264485677124, 26.621970621744815 ], [ 93.695833333333368, 26.620833333333358 ] ] ] } },
{ "type": "Feature", "properties": { "station_id": "Kokilamukh", "station_name": "Kokilamukh", "State": "Assam", "District": "JORHAT", "Latitude": 26.82111111, "Longitude": 94.16611111, "HYBAS_ID": 4121479490, "SUB_AREA": 137.7, "UP_AREA": 137.7, "PFAF_ID": 452599000220, "source": "HydroBASINS v1c Asia level 12", "catchment_status": "candidate_point_matched" }, "geometry": { "type": "Polygon", "coordinates": [ [ [ 93.883333333333368, 26.7375 ], [ 93.882980007595521, 26.764924452039956 ], [ 93.879519992404553, 26.768408881293428 ], [ 93.879166666666706, 26.775 ], [ 93.879790242513053, 26.786590915256102 ], [ 93.88554382324223, 26.788067287868948 ], [ 93.889456176757847, 26.791099378797767 ], [ 93.893877156575556, 26.792233954535615 ], [ 93.901956176757849, 26.7994327121311 ], [ 93.906377156575559, 26.800567287868947 ], [ 93.910289510091189, 26.80359937879777 ], [ 93.929166666666703, 26.804166666666692 ], [ 93.939660305447092, 26.803549194335965 ], [ 93.944884914822083, 26.799732462565128 ], [ 93.946450805664099, 26.810493638780407 ], [ 93.953549194335977, 26.818673027886309 ], [ 93.955325317382844, 26.824886067708359 ], [ 93.960339694552985, 26.828549194335963 ], [ 93.964660305447083, 26.829784138997422 ], [ 93.968673027886325, 26.83271586100263 ], [ 93.977160305447086, 26.833950805664088 ], [ 93.981173027886328, 26.836882527669296 ], [ 93.993826972113752, 26.838117472330755 ], [ 93.997839694552994, 26.841049194335962 ], [ 94.015842013888928, 26.842370944552975 ], [ 94.02021586100264, 26.847839694552977 ], [ 94.022201199001771, 26.85478413899742 ], [ 94.027160305447083, 26.853549194335962 ], [ 94.031173027886325, 26.850617472330754 ], [ 94.056326972113752, 26.849382527669295 ], [ 94.060339694552994, 26.846450805664087 ], [ 94.065740288628504, 26.844906955295166 ], [ 94.068034532335105, 26.836882527669296 ], [ 94.08271586100264, 26.852006361219644 ], [ 94.084491984049521, 26.858219401041694 ], [ 94.089506361219662, 26.861882527669298 ], [ 94.095833333333374, 26.8625 ], [ 94.102160135904967, 26.861882527669298 ], [ 94.106173197428404, 26.858950805664087 ], [ 94.147993469238301, 26.857715861002632 ], [ 94.152006530761739, 26.85478413899742 ], [ 94.157565138075114, 26.853194851345513 ], [ 94.159127468533015, 26.842460801866345 ], [ 94.17014533148874, 26.840857272677976 ], [ 94.170833333333363, 26.829166666666691 ], [ 94.170833333333377, 26.820833333333358 ], [ 94.143622843424524, 26.820266045464436 ], [ 94.139710489908893, 26.817233954535617 ], [ 94.125899590386325, 26.816005452473984 ], [ 94.124181450737893, 26.80931057400176 ], [ 94.119896104600727, 26.807766045464433 ], [ 94.110543823242224, 26.81609937879777 ], [ 94.094845241970518, 26.817233954535617 ], [ 94.081377156575556, 26.804733954535614 ], [ 94.07621493869361, 26.80359937879777 ], [ 94.074099053276953, 26.811843872070337 ], [ 94.059548272026944, 26.81306728786895 ], [ 94.057482571072086, 26.805017428927975 ], [ 94.051956176757855, 26.80359937879777 ], [ 94.047916666666708, 26.800468614366345 ], [ 94.04375, 26.803698052300373 ], [ 94.039710489908899, 26.800567287868947 ], [ 94.022789510091187, 26.7994327121311 ], [ 94.018877156575556, 26.796400621202281 ], [ 94.014456176757847, 26.795266045464434 ], [ 94.006258816189273, 26.787961832682317 ], [ 94.00221048990889, 26.791099378797767 ], [ 93.990920003255241, 26.792233954535615 ], [ 93.985416666666708, 26.787968614366346 ], [ 93.981377156575562, 26.791099378797767 ], [ 93.978420003255252, 26.792233954535615 ], [ 93.973043823242222, 26.788067287868948 ], [ 93.963387383355069, 26.786791653103325 ], [ 93.961600409613752, 26.779827880859401 ], [ 93.954166666666708, 26.77916666666669 ], [ 93.943408881293436, 26.778813340928846 ], [ 93.931591118706635, 26.767019992404538 ], [ 93.926742214626771, 26.766313340928846 ], [ 93.917024400499173, 26.756621636284748 ], [ 93.9166666666667, 26.754166666666691 ], [ 93.914242214626768, 26.753813340928843 ], [ 93.910757785373306, 26.750353325737873 ], [ 93.905908881293442, 26.749646674262177 ], [ 93.902424452039966, 26.746186659071206 ], [ 93.897575547960102, 26.745480007595511 ], [ 93.89409111870664, 26.74201999240454 ], [ 93.889242214626776, 26.741313340928844 ], [ 93.885757785373301, 26.737853325737873 ], [ 93.883333333333368, 26.7375 ] ] ] } },
{ "type": "Feature", "properties": { "station_id": "Rajabari", "station_name": "Rajabari", "State": "Assam", "District": "JORHAT", "Latitude": 26.74111111, "Longitude": 94.22444444, "HYBAS_ID": 4121479570, "SUB_AREA": 148.3, "UP_AREA": 734.9, "PFAF_ID": 452598205200, "source": "HydroBASINS v1c Asia level 12", "catchment_status": "candidate_point_matched" }, "geometry": { "type": "Polygon", "coordinates": [ [ [ 94.129166666666691, 26.770833333333357 ], [ 94.129166666666691, 26.775 ], [ 94.136654324001753, 26.775714789496554 ], [ 94.145228237575978, 26.785327148437524 ], [ 94.1471620347765, 26.792271592881971 ], [ 94.152172682020421, 26.791061740451415 ], [ 94.157792663574241, 26.786895073784748 ], [ 94.165894741482234, 26.788319905598982 ], [ 94.167442830403672, 26.79920993381079 ], [ 94.172827317979625, 26.803561740451414 ], [ 94.179166666666688, 26.804166666666692 ], [ 94.206377156575542, 26.80359937879777 ], [ 94.211753336588572, 26.7994327121311 ], [ 94.219953579372856, 26.800738864474852 ], [ 94.222048272026939, 26.808900621202284 ], [ 94.231377156575547, 26.807766045464433 ], [ 94.247789510091167, 26.792233954535615 ], [ 94.253770785861576, 26.790698920355929 ], [ 94.257766045464436, 26.785543823242215 ], [ 94.25904184977216, 26.775887383355059 ], [ 94.267233954535612, 26.773785061306448 ], [ 94.266099378797762, 26.768622843424502 ], [ 94.262235344780834, 26.763637288411484 ], [ 94.269982401529973, 26.761649237738741 ], [ 94.270833333333357, 26.758333333333358 ], [ 94.267517598470079, 26.757482571072075 ], [ 94.26581573486331, 26.750850762261308 ], [ 94.2625, 26.75 ], [ 94.2625, 26.745833333333358 ], [ 94.262853325737865, 26.73924221462676 ], [ 94.266313340928846, 26.735757785373288 ], [ 94.267019992404542, 26.730908881293427 ], [ 94.270480007595509, 26.727424452039955 ], [ 94.271186659071205, 26.718408881293428 ], [ 94.275353325737868, 26.714213053385443 ], [ 94.274646674262172, 26.705908881293428 ], [ 94.271186659071205, 26.702424452039956 ], [ 94.270833333333357, 26.695833333333358 ], [ 94.269465467664958, 26.69104919433596 ], [ 94.250827365451414, 26.692367553710962 ], [ 94.246450975206187, 26.697839694552975 ], [ 94.244465467664952, 26.704784138997422 ], [ 94.235339864095081, 26.703549194335963 ], [ 94.230379231770854, 26.699925401475717 ], [ 94.228007846408445, 26.708219401041692 ], [ 94.221302456325972, 26.713117472330755 ], [ 94.214506530761739, 26.711882527669296 ], [ 94.2049033270942, 26.703549194335963 ], [ 94.202006530761736, 26.704784138997422 ], [ 94.197993469238298, 26.70771586100263 ], [ 94.19367319742841, 26.708950805664088 ], [ 94.187969122992641, 26.713117472330755 ], [ 94.179646809895857, 26.711604817708359 ], [ 94.171450975206184, 26.702160305447073 ], [ 94.169884745279973, 26.691399129231794 ], [ 94.164660135904967, 26.69521586100263 ], [ 94.1375, 26.695833333333358 ], [ 94.13697052001956, 26.702248128255231 ], [ 94.132803853352883, 26.707392713758704 ], [ 94.133862813313826, 26.710581461588568 ], [ 94.138029479980489, 26.715726047092037 ], [ 94.136548529730931, 26.720185682508706 ], [ 94.126067776150194, 26.721466742621551 ], [ 94.11719614664716, 26.731085205078148 ], [ 94.116137186686217, 26.756414794921898 ], [ 94.111970520019554, 26.761559380425371 ], [ 94.113509114583351, 26.766192626953149 ], [ 94.118585035536043, 26.770303683810788 ], [ 94.129166666666691, 26.770833333333357 ] ] ] } },
{ "type": "Feature", "properties": { "station_id": "Bessamora", "station_name": "Bessamora", "State": "Assam", "District": "Majuli", "Latitude": 26.88638889, "Longitude": 94.2625, "HYBAS_ID": 4120865150, "SUB_AREA": 123.2, "UP_AREA": 123.2, "PFAF_ID": 452700104200, "source": "HydroBASINS v1c Asia level 12", "catchment_status": "candidate_point_matched" }, "geometry": { "type": "Polygon", "coordinates": [ [ [ 94.275, 26.883333333333358 ], [ 94.278315734863298, 26.884184095594645 ], [ 94.279166666666697, 26.8875 ], [ 94.28333333333336, 26.8875 ], [ 94.28333333333336, 26.883333333333358 ], [ 94.284220716688395, 26.879875013563392 ], [ 94.29490017361114, 26.878464084201415 ], [ 94.307766045464433, 26.86471048990888 ], [ 94.308333333333351, 26.8625 ], [ 94.304811096191429, 26.861596001519125 ], [ 94.30359937879777, 26.845086669921901 ], [ 94.307766045464433, 26.839710489908882 ], [ 94.308900621202284, 26.82695617675784 ], [ 94.313459777832051, 26.821489122178846 ], [ 94.327210489908879, 26.820266045464436 ], [ 94.341012403700105, 26.807355075412353 ], [ 94.342233954535615, 26.793622843424505 ], [ 94.345266045464427, 26.789710489908877 ], [ 94.346541849772166, 26.780054050021725 ], [ 94.352210489908884, 26.778599378797768 ], [ 94.357722981770863, 26.774002075195337 ], [ 94.358900621202281, 26.74778951009117 ], [ 94.361932712131107, 26.743877156575547 ], [ 94.363067287868944, 26.740920003255233 ], [ 94.358900621202281, 26.73554382324221 ], [ 94.35776604546443, 26.730381605360268 ], [ 94.367032538519993, 26.728003607855928 ], [ 94.358900621202281, 26.718877156575545 ], [ 94.35776604546443, 26.701956176757836 ], [ 94.354733954535618, 26.698043823242212 ], [ 94.353599378797767, 26.693622843424503 ], [ 94.349604119194908, 26.688467746310788 ], [ 94.34583333333336, 26.6875 ], [ 94.339506530761739, 26.688117472330752 ], [ 94.335493469238301, 26.69104919433596 ], [ 94.325735134548637, 26.69246927897138 ], [ 94.324382358127195, 26.70632697211374 ], [ 94.32145097520619, 26.710339694552975 ], [ 94.320215691460533, 26.714660305447072 ], [ 94.317284308539527, 26.718673027886311 ], [ 94.31574028862849, 26.724073621961828 ], [ 94.309101528591611, 26.725971815321206 ], [ 94.30771569146053, 26.735493638780408 ], [ 94.303835550944029, 26.740805053710961 ], [ 94.292638312445774, 26.742435031467039 ], [ 94.291049024793864, 26.747993638780407 ], [ 94.283950975206182, 26.756173027886309 ], [ 94.28333333333336, 26.758333333333358 ], [ 94.287764655219206, 26.759470621744818 ], [ 94.283900621202278, 26.764456176757836 ], [ 94.282482401529975, 26.769982571072074 ], [ 94.275637647840739, 26.771739027235267 ], [ 94.274432712131102, 26.789710489908877 ], [ 94.271400621202275, 26.793622843424505 ], [ 94.269865587022593, 26.799603949652802 ], [ 94.264710489908879, 26.80359937879777 ], [ 94.258729214138484, 26.805134412977456 ], [ 94.25473395453561, 26.81028951009117 ], [ 94.253599378797773, 26.818877156575546 ], [ 94.249735344780845, 26.823862711588568 ], [ 94.257937452528239, 26.825967746310788 ], [ 94.26306728786895, 26.832586669921902 ], [ 94.261855570475291, 26.849096001519122 ], [ 94.253902011447508, 26.851137288411483 ], [ 94.258900621202287, 26.857586669921901 ], [ 94.257664828830315, 26.869883897569469 ], [ 94.252210489908876, 26.874432712131103 ], [ 94.246229214138481, 26.875967746310788 ], [ 94.24109937879777, 26.882586669921899 ], [ 94.242411973741341, 26.890827772352456 ], [ 94.247052001953151, 26.891868082682318 ], [ 94.25195617675783, 26.88806728786895 ], [ 94.2625, 26.8875 ], [ 94.264924452039949, 26.88714667426218 ], [ 94.268408881293425, 26.883686659071206 ], [ 94.275, 26.883333333333358 ] ] ] } }
]
}
